Top pages,Clicks,Impressions,CTR,Position
https://agency.innergcomplete.com/,16,292,5.48%,7.95
https://agency.innergcomplete.com/texas-barbershop-placement-matcher,2,67,2.99%,6.7
https://agency.innergcomplete.com/about,1,92,1.09%,5.15
https://agency.innergcomplete.com/texas-barber-exam-intelligence-prep,1,53,1.89%,9.09
https://agency.innergcomplete.com/insights/texas-barber-licensure-crisis,1,51,1.96%,7.55
https://agency.innergcomplete.com/tools/barbershop-search?tab=Cosmetologist&q=Houston,1,3,33.33%,36.67
https://agency.innergcomplete.com/insights/booksy-sovereign-intelligence-audit,0,261,0%,6.15
https://agency.innergcomplete.com/insights/autonomous-concierge-roi-analysis,0,78,0%,5.71
https://agency.innergcomplete.com/insights/rebooking-intelligence-pilot,0,72,0%,6.82
https://agency.innergcomplete.com/insights/abc-fitness-sovereign-intelligence-audit,0,67,0%,9.24
https://agency.innergcomplete.com/insights/mindbody-sovereign-intelligence-audit,0,52,0%,7.69
https://agency.innergcomplete.com/insights/thecut-sovereign-intelligence-audit,0,47,0%,8.49
https://agency.innergcomplete.com/insights/the-sovereign-intelligence-layer,0,42,0%,4.93
https://agency.innergcomplete.com/insights/cognitive-architecture-blueprint,0,40,0%,8.82
https://agency.innergcomplete.com/insights,0,36,0%,10.69
https://agency.innergcomplete.com/data-deletion,0,28,0%,7.54
https://agency.innergcomplete.com/login,0,26,0%,7.81
https://agency.innergcomplete.com/salons/4fcf24ff-4329-4cc1-a2d2-703fb452fbb9,0,23,0%,8.61
https://agency.innergcomplete.com/insights/el-paso-barber-market-rescue-report,0,20,0%,7.8
https://agency.innergcomplete.com/insights/cognitive-feedstock-15-data-sources,0,19,0%,7.05
https://agency.innergcomplete.com/salons/dd13c0b7-6516-4aa1-9976-e289d8435435,0,15,0%,5
https://agency.innergcomplete.com/shop/95f66eb6-11d5-4dfd-9af8-539481e84395,0,14,0%,6.93
https://agency.innergcomplete.com/insights/the-feasibility-premium,0,13,0%,8.85
https://agency.innergcomplete.com/glossary,0,12,0%,6.58
https://agency.innergcomplete.com/schools/9bc19b08-1fcc-4b21-acdc-7c7b0fd7e73c,0,12,0%,9
https://agency.innergcomplete.com/shop/70aede2f-0200-4506-ac42-71f238c4346b?ghl_contact_id=Ud60kAHDEpS3rN9uiKeJ,0,12,0%,9.58
https://agency.innergcomplete.com/shop/1671b83b-8ddf-4535-91fa-cadee37802cc,0,11,0%,9.91
https://agency.innergcomplete.com/shop/44876881-36e2-4e08-9fa2-ed02faad7f70?ghl_contact_id=x5tsYZudd1WGXr8Cruqk,0,10,0%,5.4
https://agency.innergcomplete.com/shop/c093ce11-435a-4b15-bdef-2d143e0d0098,0,10,0%,7.1
https://agency.innergcomplete.com/stores/ac1ea230-4b7b-45df-805a-e16d9d15b376,0,10,0%,8.9
https://agency.innergcomplete.com/tools/texas-barber-exam-practice-deck,0,9,0%,5.44
https://agency.innergcomplete.com/schools/db5f1c0f-4b81-48db-922a-4fe6bf582cad,0,9,0%,6.56
https://agency.innergcomplete.com/stores/05e2399f-ea3b-4f42-89ac-fe5be76f30ee,0,9,0%,8.22
https://agency.innergcomplete.com/stores/602d90b2-fe23-43b9-bf8b-e60c6c43310d,0,9,0%,9.56
https://agency.innergcomplete.com/tools/foot-traffic-radar/fadezbyjames-barbershop,0,9,0%,9.67
https://agency.innergcomplete.com/houston/insights/market-analysis/cartel-cuts,0,8,0%,6
https://agency.innergcomplete.com/tools/texas-barber-instructor-intelligence-dashboard,0,7,0%,2.71
https://agency.innergcomplete.com/houston/insights/market-analysis/trooth-mens-grooming-lounge-katy,0,7,0%,7
https://agency.innergcomplete.com/shop/6b0fa283-8dcc-4ff6-999b-3e6e19063f30,0,7,0%,8.14
https://agency.innergcomplete.com/shop/e2f4c8f1-b716-4ffa-a178-a2d032252538?ghl_contact_id=23fmXGRako1g6tLMVO35,0,7,0%,9.14
https://agency.innergcomplete.com/shop/e718f018-d9b7-4eb0-818e-d2981cdee71c?ghl_contact_id=%7B%7Bcontact.id%7D%7D,0,7,0%,10.57
https://agency.innergcomplete.com/barber-cos-continuing-education,0,7,0%,62.29
https://agency.innergcomplete.com/shop/566702ba-b3bf-4b1c-95cc-024fbbf3ec6b,0,6,0%,6
https://agency.innergcomplete.com/salons/78294ecf-9aa9-4fc2-b64f-11fd84902c52,0,6,0%,6.67
https://agency.innergcomplete.com/shop/400965a0-558d-4bbe-b31a-55c2dae075f1?ghl_contact_id=%7B%7Bcontact.id%7D%7D,0,6,0%,8
https://agency.innergcomplete.com/shop/3512d741-6de0-4a2a-8e0b-3f6be0084628?ghl_contact_id=%7B%7Bcontact.id%7D%7D,0,6,0%,9.33
https://agency.innergcomplete.com/shop/e470593e-b129-4e89-b132-6745a827b5f4,0,6,0%,9.5
https://agency.innergcomplete.com/texas-school-benchmarking,0,6,0%,9.67
https://agency.innergcomplete.com/houston,0,6,0%,22.33
https://agency.innergcomplete.com/s/a6cd48e5-2b32-4062-8284-c100cccdefc3,0,6,0%,36.17
https://agency.innergcomplete.com/houston/insights/market-analysis/aware-by-luther-barbershop,0,5,0%,7.6
https://agency.innergcomplete.com/schools/77ef6ce8-d4ed-4612-9630-0b048a459f03,0,5,0%,8.2
https://agency.innergcomplete.com/shop/400965a0-558d-4bbe-b31a-55c2dae075f1,0,5,0%,8.8
https://agency.innergcomplete.com/houston/insights/market-analysis/next-up-barber-studio-jersey-village,0,5,0%,9.2
https://agency.innergcomplete.com/shop/ba2d7ce9-d87a-496c-a641-5e20b6dcc690,0,5,0%,9.4
https://agency.innergcomplete.com/salons/af72b3de-2322-4c9b-9cd4-190703b1334f,0,5,0%,10
https://agency.innergcomplete.com/salons/f8ace405-5e89-4f9f-957f-b1fa1289e2ca,0,5,0%,14.4
https://agency.innergcomplete.com/shop/07252950-643a-485b-a1f0-761eef3dd3fd,0,4,0%,5.5
https://agency.innergcomplete.com/houston/insights/market-analysis/the-gentry-executive-cuts-and-shaves-river-oaks,0,4,0%,6.5
https://agency.innergcomplete.com/houston/insights/market-analysis/phayes-two-barber-shop,0,4,0%,6.75
https://agency.innergcomplete.com/houston/insights/market-analysis/jimbo-real-kutz,0,4,0%,8
https://agency.innergcomplete.com/shop/58812b1e-b697-4ca2-a35c-88eb2c9d2258?ghl_contact_id=CfvWEfERTgS2cb1GrDUS,0,4,0%,8.5
https://agency.innergcomplete.com/schools/a830678e-277e-4878-ac2b-07f379d8952e,0,4,0%,9.5
https://agency.innergcomplete.com/tools/shop-site-template/buzzardsbarbershop,0,4,0%,9.5
https://agency.innergcomplete.com/salons/a9707564-7d68-4b8c-8c0c-8f227ee9b4b6,0,4,0%,11
https://agency.innergcomplete.com/salons/b15df5da-e1c6-47d4-8f4f-ef58f6c81676,0,4,0%,14.5
"https://agency.innergcomplete.com/tools/barbershop-search?ecosystemShopId=e3ebd31e-ca34-46d6-873a-af22a5720531&ecosystemShopName=The 
Gentry Executive Cuts and Shaves %E2%80%93 Memorial",0,4,0%,53.25
https://agency.innergcomplete.com/cosmetologists/6a426cd2-016a-4509-83e3-cc89e8699ec5,0,3,0%,3.67
https://agency.innergcomplete.com/stores/2b0a43e9-b141-4452-8fca-a6bd62c3076f,0,3,0%,6.33
https://agency.innergcomplete.com/houston/insights/market-analysis/Twins-Cut-N-Up,0,3,0%,6.67
https://agency.innergcomplete.com/shop/b393fd1f-e074-4051-abef-96ff3556694f,0,3,0%,8.33
https://agency.innergcomplete.com/houston/insights/market-analysis/cutthroat-barbers-houston-barbershop-in-the-heights-men-s-barbershop,0,3,0%,9.33
https://agency.innergcomplete.com/houston/insights/market-analysis/the-man-s-chair,0,3,0%,10.33
https://agency.innergcomplete.com/tools/ai-booth-station/jackson-rose-barber-studio?ghl_contact_id=yhQidQ1WhRyXFfxn2Z1S,0,3,0%,10.67
https://agency.innergcomplete.com/tools/foot-traffic-radar/twins-cut-n-up,0,3,0%,10.67
https://agency.innergcomplete.com/shop/e0d2c6fb-53a2-4d75-b315-a73981d7d9bc,0,3,0%,14.67
https://agency.innergcomplete.com/shop/2252e620-1c27-4127-966e-bdba817757c6,0,3,0%,18
https://agency.innergcomplete.com/houston/insights/market-analysis/afterhours-barbershop,0,3,0%,21.33
https://agency.innergcomplete.com/barber-school-pilot-scholarship-fund,0,3,0%,27.67
https://agency.innergcomplete.com/salons/fadbb7ef-5b87-4eb2-ba50-aacdb13d3ed8,0,3,0%,48
https://agency.innergcomplete.com/shop/3d9c0764-4725-4f4e-9b96-238cccedef9f,0,2,0%,1.5
https://agency.innergcomplete.com/dashboard,0,2,0%,2.5
https://agency.innergcomplete.com/discussions,0,2,0%,4
https://agency.innergcomplete.com/cosmetologists/9e3c9f57-1f8d-47d7-801f-973598cd3653,0,2,0%,4.5
https://agency.innergcomplete.com/houston/insights/market-analysis/patron-barbershop,0,2,0%,5
https://agency.innergcomplete.com/shop/40916a7e-b492-49ec-ac80-6ec8b41b888c,0,2,0%,5
https://agency.innergcomplete.com/shop/72208430-2303-4331-9d88-cc8d7018d482,0,2,0%,6
https://agency.innergcomplete.com/schools/da095833-1a02-467c-a2b8-39a9037125cb,0,2,0%,6.5
https://agency.innergcomplete.com/shop/15adb788-34f6-4f44-a1e4-1adb27127503?ghl_contact_id=JULyqqimXt6mE1pp7mqp,0,2,0%,6.5
https://agency.innergcomplete.com/shop/a306037d-569b-4cb9-8689-37d5c7eafb01?ghl_contact_id=wlR3GcrhMfSUFNEauHyX,0,2,0%,6.5
https://agency.innergcomplete.com/stores/4087d54f-0ac0-4b48-8a00-104abcba573d,0,2,0%,6.5
https://agency.innergcomplete.com/shop/a83114c3-f22f-41fa-8b05-2148d61a3931,0,2,0%,7
https://agency.innergcomplete.com/salons/b2d37a70-c09f-499d-8bca-691035578f77,0,2,0%,7.5
https://agency.innergcomplete.com/shop/9dfd9d30-3780-4f91-8be1-1ffa1442c0e0,0,2,0%,7.5
https://agency.innergcomplete.com/houston/insights/market-analysis/cozy-barbershop,0,2,0%,8
https://agency.innergcomplete.com/houston/insights/market-analysis/pfamousvipcutz,0,2,0%,8
https://agency.innergcomplete.com/shop/83eb4e2b-5e85-4fe6-85ef-a1e0681f0f8c,0,2,0%,8
https://agency.innergcomplete.com/shop/c6994aab-d772-4aba-9c10-d63f8c3710ad,0,2,0%,8
https://agency.innergcomplete.com/shop/e3c093a3-ad91-48eb-85fe-f51562b948c4,0,2,0%,8
https://agency.innergcomplete.com/shop/73008758-d488-46ea-9d87-e496f9bfeea5?ghl_contact_id=Z6vDt9OlNsKXzXmQGmNH,0,2,0%,8.5
https://agency.innergcomplete.com/shop/8485aaca-1e87-4ebe-8c7b-873f8794ff74,0,2,0%,8.5
https://agency.innergcomplete.com/shop/d4a7e8c7-c78c-4310-89e0-403bb4f656cc,0,2,0%,8.5
https://agency.innergcomplete.com/shop/dcde1aee-77ed-4820-988a-2725c04d652a,0,2,0%,8.5
https://agency.innergcomplete.com/tools/ai-booth-station/i-i-barber-co-?ghl_contact_id=kPaTMUJyNX2G16idJLj4,0,2,0%,8.5
https://agency.innergcomplete.com/salons/ed5b7300-42c9-42a7-abf4-036e2d55da47,0,2,0%,9
https://agency.innergcomplete.com/shop/b2657398-1da6-4412-8226-765d9cf0319f,0,2,0%,9
https://agency.innergcomplete.com/el-paso-barber-exam-intelligence-prep,0,2,0%,9.5
https://agency.innergcomplete.com/houston/insights/market-analysis/innovations-barber-studio,0,2,0%,9.5
https://agency.innergcomplete.com/shop/63c77fc8-d34d-4d20-a448-a5b62f4df44d,0,2,0%,10
https://agency.innergcomplete.com/shop/c2b6f7e8-1b6c-4d20-9576-84493975b88c,0,2,0%,10
https://agency.innergcomplete.com/schools/6a028272-ca98-4a13-8d20-4e0bd311fa55,0,2,0%,10.5
https://agency.innergcomplete.com/tools/shop-site-template/shop-website-customizer/153b66d5-f377-4090-8ca8-19aa14d41f71/customizer?ghl_contact_id=QEv7rOG0vMuQHBvT90oO,0,2,0%,10.5
https://agency.innergcomplete.com/shop/3512d741-6de0-4a2a-8e0b-3f6be0084628,0,2,0%,12
https://agency.innergcomplete.com/tools/foot-traffic-radar/randle-s-barbershop,0,2,0%,12
https://agency.innergcomplete.com/shop/24e654fb-d44f-4865-a329-3265056df064,0,2,0%,12.5
https://agency.innergcomplete.com/shop/265a873d-12b2-4d6f-ab1c-34e10f2d3e27?ghl_contact_id=%7B%7Bcontact.id%7D%7D,0,2,0%,12.5
https://agency.innergcomplete.com/shop/e0d2c6fb-53a2-4d75-b315-a73981d7d9bc?ghl_contact_id=FL3agTAwAXTE97VK4B0e,0,2,0%,12.5
https://agency.innergcomplete.com/houston/insights/market-analysis/la-fama-barbershop,0,2,0%,14.5
https://agency.innergcomplete.com/salons/e83962a5-7373-4ba3-9d19-39a73b1fad14,0,2,0%,16
https://agency.innergcomplete.com/tools/foot-traffic-radar/afterhours-barbershop,0,2,0%,19
https://agency.innergcomplete.com/salons/b72862f0-8560-4c0f-abc2-2b9b711f8651,0,2,0%,20
"https://agency.innergcomplete.com/tools/barbershop-search?ecosystemShopId=24b01b57-2f3d-4160-9ac4-e09f9769e0aa&ecosystemShopName=Klassic 
Kutz %26 Salons",0,2,0%,32.5
https://agency.innergcomplete.com/tools/shop-site-template/shop-website-customizer/84d3755c-ef8b-4e14-8ff8-2ee585460e8a,0,2,0%,35.5
https://agency.innergcomplete.com/tools/barbershop-search?tab=Barbers&q=Houston,0,2,0%,48
https://agency.innergcomplete.com/careers/senior-blockchain-architect-zk,0,2,0%,55
https://agency.innergcomplete.com/shop/a59539e2-274c-439c-be39-7e223ae11cec,0,2,0%,77
https://agency.innergcomplete.com/cosmetologists/39c7ba9e-fe85-4a75-932f-222349a16a60,0,2,0%,92
https://agency.innergcomplete.com/houston/insights/market-analysis/slayed-fades-barbershop,0,1,0%,1
https://agency.innergcomplete.com/houston/insights/market-analysis/comb-studios-barbershop,0,1,0%,2
https://agency.innergcomplete.com/pixel-analytics,0,1,0%,2
https://agency.innergcomplete.com/tools/foot-traffic-radar/the-cut-barbershop,0,1,0%,2
https://agency.innergcomplete.com/shop/21842da6-2487-4030-844b-2ddd81dfd7e7?ghl_contact_id=wOChSnInV32UzeJ4jXWl,0,1,0%,3
https://agency.innergcomplete.com/shop/c82481fd-9698-468a-bfcd-e9959f2a4f8a,0,1,0%,3
https://agency.innergcomplete.com/tools/ai-booth-station/cool-heads-barbershop-dallas-mocking-bird-station-?ghl_contact_id=%7B%7Bcontact.id%7D%7D,0,1,0%,3
https://agency.innergcomplete.com/tools/ai-booth-station/str8-kutz-barbershop-and-shoe-shine?ghl_contact_id=qwIxxP7jw2QNf2QKbJHI,0,1,0%,3
https://agency.innergcomplete.com/houston/insights/market-analysis/barber-social-club,0,1,0%,4
https://agency.innergcomplete.com/houston/insights/market-analysis/d-z-barbershop,0,1,0%,4
https://agency.innergcomplete.com/houston/insights/market-analysis/tabasco-barber-shop,0,1,0%,4
https://agency.innergcomplete.com/shop/9cda364c-fb68-4a43-90a4-a1002fddc72e,0,1,0%,4
https://agency.innergcomplete.com/shop/c5425f93-c48f-4a21-bae9-3c0cd663e811?ghl_contact_id=%7B%7Bcontact.id%7D%7D,0,1,0%,4
https://agency.innergcomplete.com/careers/apply,0,1,0%,5
https://agency.innergcomplete.com/houston/insights/market-analysis/new-style-salon-and-barbershop,0,1,0%,5
https://agency.innergcomplete.com/shop/93395ca6-c8a2-4c01-8241-a4c3c239036a,0,1,0%,5
https://agency.innergcomplete.com/shop/b436cb3f-6f50-40a0-be2e-4f53118ac797,0,1,0%,5
https://agency.innergcomplete.com/shop/c1bd8990-92a3-491a-8ad5-147ce899da52?ghl_contact_id=jPsKoNcHDaVrJG2QRMCZ,0,1,0%,5
https://agency.innergcomplete.com/tools/shop-site-template/shop-website-customizer/9c5503ad-c965-45d8-9e5b-a460d502fb2d,0,1,0%,5
https://agency.innergcomplete.com/houston/insights/market-analysis/wow-look-barber-shop,0,1,0%,6
https://agency.innergcomplete.com/schools/01f72c2e-b14a-448e-a7a3-694c1b89f097,0,1,0%,6
https://agency.innergcomplete.com/shop/5932ac5a-7f72-468b-b01f-bb69da326051?ghl_contact_id=AGM55LQFlV0x2TYYCZJ4,0,1,0%,6
https://agency.innergcomplete.com/shop/f05ba835-20b9-4801-85a1-24cca51498ea,0,1,0%,6
"https://agency.innergcomplete.com/tools/barbershop-search?tab=Barbershops&q=Houston 
77003",0,1,0%,6
https://agency.innergcomplete.com/tools/shop-site-template/shop-website-customizer/c7b7dab4-d1ee-4f27-a68c-d75da12898bb,0,1,0%,6
https://agency.innergcomplete.com/admin/invites,0,1,0%,7
https://agency.innergcomplete.com/houston/insights/market-analysis/catrachos-flow-barber-shop,0,1,0%,7
https://agency.innergcomplete.com/shop/238a1016-f253-4e2b-a554-c773c5f612a4,0,1,0%,7
https://agency.innergcomplete.com/shop/ae1a5b16-dcc4-4fa6-8216-d51109ffc848,0,1,0%,7
https://agency.innergcomplete.com/tools/ai-booth-station/tae-ur-barber?ghl_contact_id=wIzc4GRpJS29gpmo9SPO,0,1,0%,7
https://agency.innergcomplete.com/tools/ai-booth-station/the-culture-barbershop?ghl_contact_id=7DzzyU2g3CNRtaMwY0mi,0,1,0%,7
https://agency.innergcomplete.com/tools/foot-traffic-radar/barber-stylist-modern-image-dallas-tx,0,1,0%,7
https://agency.innergcomplete.com/admin/swipe-deck,0,1,0%,8
https://agency.innergcomplete.com/careers/senior-product-manager-ai,0,1,0%,8
https://agency.innergcomplete.com/contact,0,1,0%,8
https://agency.innergcomplete.com/houston/insights/market-analysis/blades-barber-and-beauty-salon,0,1,0%,8
https://agency.innergcomplete.com/houston/insights/market-analysis/cutthroat-barbers-houston-barbershop-haircut-for-men,0,1,0%,8
https://agency.innergcomplete.com/houston/insights/market-analysis/fade-factory-barbershop,0,1,0%,8
https://agency.innergcomplete.com/houston/insights/market-analysis/moe-better-cuts,0,1,0%,8
https://agency.innergcomplete.com/houston/insights/market-analysis/so-fresh-so-clean-barb,0,1,0%,8
https://agency.innergcomplete.com/shop/49770846-714e-48fa-93d3-1b1bb81025f3?ghl_contact_id=%7B%7Bcontact.id%7D%7D,0,1,0%,8
https://agency.innergcomplete.com/shop/67996626-22bf-4611-a1f7-5dd3acabf28c,0,1,0%,8
https://agency.innergcomplete.com/shop/970aa45e-c04f-482d-b68e-41d6d4caa062,0,1,0%,8
https://agency.innergcomplete.com/shop/b9b91af8-df03-4b60-8eee-c837d77caec8?ghl_contact_id=7I7XSUYoz1YLBufVYm8u,0,1,0%,8
https://agency.innergcomplete.com/shop/d9e89026-614d-48f7-bd60-7307ab1d3e4a?ghl_contact_id=RFtwPQQpt6e4Uz83j55o,0,1,0%,8
https://agency.innergcomplete.com/shop/e48e282f-8712-4081-aad5-2696b49aaa6f,0,1,0%,8
https://agency.innergcomplete.com/tools/shop-site-template/shop-website-customizer/b778ca3d-1127-41fc-a0a6-55332b7c3ac8,0,1,0%,8
https://agency.innergcomplete.com/houston/insights/market-analysis/big-choice-barber-shop,0,1,0%,9
https://agency.innergcomplete.com/houston/insights/market-analysis/ultimate-barbershop-,0,1,0%,9
https://agency.innergcomplete.com/reset-password,0,1,0%,9
https://agency.innergcomplete.com/schools/db7d1fcf-b324-43d2-bbf2-af4b30136d9f,0,1,0%,9
https://agency.innergcomplete.com/shop/85f5b7e5-aed3-48c8-b778-3762911c095d?ghl_contact_id=gnfBGTNwY8KhUUPF5G4d,0,1,0%,9
https://agency.innergcomplete.com/shop/c0699e90-86f5-42da-8166-34f373ad268f,0,1,0%,9
https://agency.innergcomplete.com/shop/e7c80e10-ffaa-413d-9038-1bb361cb638c,0,1,0%,9
https://agency.innergcomplete.com/tools/shop-site-template/shop-website-customizer/54701d44-b328-452b-841d-66f663eadeed,0,1,0%,9
https://agency.innergcomplete.com/tools/shop-site-template/shop-website-customizer/7ac70e3a-284f-4fab-807a-81985c3589f8,0,1,0%,9
https://agency.innergcomplete.com/houston/insights/market-analysis/headmobb-exclusives-barbershop,0,1,0%,10
https://agency.innergcomplete.com/houston/insights/market-analysis/omar-barbershop,0,1,0%,10
https://agency.innergcomplete.com/houston/insights/market-analysis/trend-setters-barber-shop,0,1,0%,10
https://agency.innergcomplete.com/shop/2f731455-e73e-411f-a28c-ad42ea321f7b,0,1,0%,10
https://agency.innergcomplete.com/shop/b3da9b7f-fd87-46ad-871b-e5cc91e183da?ghl_contact_id=%7B%7Bcontact.id%7D%7D,0,1,0%,10
https://agency.innergcomplete.com/shop/d757b042-41ba-4c4e-9237-0cddabff607e?ghl_contact_id=loTxERpLtUXfymmhnO7N,0,1,0%,10
https://agency.innergcomplete.com/tools/barbershop-search?tab=Salons&q=Houston,0,1,0%,10
https://agency.innergcomplete.com/houston/insights/market-analysis/executive-barber-beauty-shop,0,1,0%,11
https://agency.innergcomplete.com/schools/acab1d9b-e3ac-4a8b-8ac0-a914ba39e535,0,1,0%,11
https://agency.innergcomplete.com/shop/0d335fae-03b4-40b2-a48c-3d056f2c61db,0,1,0%,11
https://agency.innergcomplete.com/shop/568fb125-3879-48d2-86cf-6e0b65350bb4,0,1,0%,11
https://agency.innergcomplete.com/shop/bbf21384-dadc-4226-8fe1-478c8799caee?ghl_contact_id=thfFxVRZQaS5x4EYWIIW,0,1,0%,11
https://agency.innergcomplete.com/shop/e718f018-d9b7-4eb0-818e-d2981cdee71c,0,1,0%,11
https://agency.innergcomplete.com/shop/e92c1ee3-efb0-41e6-8f34-a2a4c7818a85,0,1,0%,11
https://agency.innergcomplete.com/shop/ebf73808-057a-47ec-a1de-ab08ab8864bf?ghl_contact_id=%7B%7Bcontact.id%7D%7D,0,1,0%,11
https://agency.innergcomplete.com/schools/54167a2d-6c3e-4b7f-86d8-ddbdcae70aaf,0,1,0%,12
https://agency.innergcomplete.com/shop/1d007fd8-8b62-463b-98d7-634a5e49c1d4?ghl_contact_id=bXIMk3X4dpSXxTlcfAcu,0,1,0%,12
https://agency.innergcomplete.com/shop/9e537da9-42fd-4f2a-a284-6a9a2949d956?ghl_contact_id=%7B%7Bcontact.id%7D%7D,0,1,0%,12
https://agency.innergcomplete.com/shop/ada598da-384b-40bc-8180-245615cd7078,0,1,0%,12
https://agency.innergcomplete.com/shop/c1607b14-c7d2-4bbf-9464-dd8748b88282,0,1,0%,12
"https://agency.innergcomplete.com/tools/barbershop-search?tab=Barbershops&q=Houston 
77094",0,1,0%,12
https://agency.innergcomplete.com/shop/53c52fde-7d6f-445b-a5f0-a9ff9b96d16c,0,1,0%,15
https://agency.innergcomplete.com/shop/c1607b14-c7d2-4bbf-9464-dd8748b88282?ghl_contact_id=%7B%7Bcontact.id%7D%7D,0,1,0%,26
"https://agency.innergcomplete.com/tools/barbershop-search?tab=Barbershops&q=Houston 
77099",0,1,0%,32
https://agency.innergcomplete.com/tools/ai-booth-station/k-cool-cutz?ghl_contact_id=W5alvV7iw91ITHkr31dJ,0,1,0%,33
https://agency.innergcomplete.com/tools/shop-site-template/shop-website-customizer/08b14660-527f-4ea2-b380-4d6d69cdac10,0,1,0%,41
https://agency.innergcomplete.com/tools/shop-site-template/shop-website-customizer/d62bfac9-e6f4-4bb7-be09-a253e5abc66b,0,1,0%,44
https://agency.innergcomplete.com/tools/shop-site-template/shop-website-customizer/3b39143a-65b2-4a16-9249-ed6d39e448e3,0,1,0%,47
https://agency.innergcomplete.com/tools/shop-site-template/shop-website-customizer/50f15cb9-9fb5-4325-bbcb-930335a95758,0,1,0%,47
https://agency.innergcomplete.com/tools/shop-site-template/shop-website-customizer/df7dc2ec-faca-43f9-a472-48ac29af4e3c/customizer?ghl_contact_id=%7B%7Bcontact.id%7D%7D,0,1,0%,47
https://agency.innergcomplete.com/shop/6d34e2d8-6b5f-4c53-9f0a-5730a131b108?ghl_contact_id=sdtSlK2D8ozyCAdpJrYM,0,1,0%,50
https://agency.innergcomplete.com/tools/shop-site-template/shop-website-customizer/339ac7dc-a204-48cb-9eb6-2c6723038358,0,1,0%,51
https://agency.innergcomplete.com/tools/shop-site-template/shop-website-customizer/a306037d-569b-4cb9-8689-37d5c7eafb01,0,1,0%,60
https://agency.innergcomplete.com/tools/ai-booth-station/che-s-barbers?ghl_contact_id=o9NDXGYo4Z0oOqAGghRu,0,1,0%,62
https://agency.innergcomplete.com/tools/shop-site-template/shop-website-customizer/9f5a1819-1654-463b-ade8-aeffa2483e6c/customizer?ghl_contact_id=uAOfWhXtvEr1GkXVbkEn,0,1,0%,66