PlaceID,BusinessName,FormattedAddress,CityHub,Telephone,Website,Latitude,Longitude,Rating,TotalReviews,PlaceTypes,BusinessStatus
"ChIJIYZ6mme_QIYRtJiF8jeqApY","ORTAHAUS Barber Co.","920 Studemont St ste 600, Houston, TX 77007, USA","Houston","(832) 649-7646","http://www.ortahaus.com/","29.767501199999998","-95.3916785","4.9","889","barber_shop | hair_care | health | service | point_of_interest | establishment","OPERATIONAL"
"ChIJCT4geZzBQIYRxcmROptnKMo","007 Barbershop","5801 Memorial Dr Suite B, Houston, TX 77007, USA","Houston","(713) 953-7777","https://007-barbershop.com/","29.760936699999995","-95.4204242","4.9","1110","barber_shop | hair_salon | hair_care | health | service | point_of_interest | establishment","OPERATIONAL"
"ChIJty5kxBy_QIYR7yXC9-8Y32Y","Golden Edge Barbershop","2100 Travis St Unit 170, Houston, TX 77002, USA","Houston","(346) 632-1635","https://www.vagaro.com/goldenedgebarbershop1","29.748804599999996","-95.37291019999999","4.9","400","barber_shop | hair_care | health | service | point_of_interest | establishment","OPERATIONAL"
"ChIJw_UX8_-_QIYR5txEbFo9Zfk","Sheared The Barbershop - Midtown Houston","3100 Fannin St UNIT 105, Houston, TX 77004, USA","Houston","(832) 831-9022","http://www.shearedthebarbershop.com/","29.741447100000002","-95.37620079999999","4.9","549","barber_shop | hair_care | health | service | point_of_interest | establishment","OPERATIONAL"
"ChIJDVL8x5PAQIYRpn3DZYTRzMI","Cozy Barbershop","2814 S Shepherd Dr unit c, Houston, TX 77098, USA","Houston","(832) 684-9699","https://cozybarbershop.com/","29.740093199999997","-95.41094419999999","4.9","1080","barber_shop | hair_care | health | service | point_of_interest | establishment","OPERATIONAL"
"ChIJ_0Z6MVO_QIYRtTqN7hhyCrI","Smokin’ Mirrors Barbershop","1617 Westheimer Rd, Houston, TX 77006, USA","Houston","(832) 461-6541","https://getsquire.com/booking/book/smokin-mirrors-barbershop-houston","29.7425548","-95.4001112","4.9","330","barber_shop | hair_salon | hair_care | health | service | point_of_interest | establishment","OPERATIONAL"
"ChIJhUFxZoLJQIYRCSOwfeWzcME","Fade Da Nawf","8300 Antoine Dr Suite E, Houston, TX 77088, USA","Houston","(832) 979-2712","https://haircuthouston.com/","29.8898288","-95.4772428","5","1345","barber_shop | hair_care | health | service | point_of_interest | establishment","OPERATIONAL"
"ChIJIX2SYf23QIYRP2gCBncn4ww","KBG Barbershop","519 N Sam Houston Pkwy E Building 519, 3rd floor, Room, #355, Houston, TX 77060, USA","Houston","(713) 592-1685","http://kutzbygibson.booksy.com/","29.941674400000004","-95.39127769999999","4.9","430","barber_shop | hair_care | health | service | point_of_interest | establishment","OPERATIONAL"
"ChIJbUiwSRbDQIYRvjJ-j3kTGMk","Smashing The City Barbershop","8150 Southwest Fwy Suite H, Houston, TX 77074, USA","Houston","(713) 636-3057","http://www.smashingthecity.com/","29.690818","-95.52967459999999","4.9","364","barber_shop | hair_salon | massage_spa | spa | massage | hair_care | beauty_salon | educational_institution | health | service | point_of_interest | establishment","OPERATIONAL"
"ChIJaWxFp7q5QIYRKirUF8d7eeM","Jay’s Barbershop & Shave Parlor","3415 Oak Forest Dr # A, Houston, TX 77018, USA","Houston","(832) 767-0754","https://shops.getsquire.com/book/jays-barbershop-and-shave-parlor-houston/professional","29.818198300000002","-95.4366419","5","852","barber_shop | hair_care | health | service | point_of_interest | establishment","OPERATIONAL"
"ChIJ9S3WrSvdQIYR31tpOt9sYRM","Elegant Fade Barbershop","1454 Wilcrest Dr, Houston, TX 77042, USA","Houston","(832) 618-6438","N/A","29.749306599999997","-95.5726037","4.8","277","barber_shop | hair_care | health | service | point_of_interest | establishment","OPERATIONAL"
"ChIJd0dFvWS_QIYRIvs2IL7BCs4","The Argyle League","709 W Alabama St, Houston, TX 77006, USA","Houston","(713) 702-1026","http://theargyleleague.com/","29.738660600000003","-95.388324","4.8","480","barber_shop | hair_care | health | service | point_of_interest | establishment","OPERATIONAL"
"ChIJhQUR69zDQIYR_5lfF7Bv6bg","Elite Barbershop | حلاق عربي هيوستن","3330 Hillcroft St Suite F, Houston, TX 77057, USA","Houston","(281) 974-1769","https://elitebarbershophtx.com/","29.728631600000003","-95.5017652","4.9","494","barber_shop | hair_care | health | service | point_of_interest | establishment","OPERATIONAL"
"ChIJQ8YsD1q_QIYR7v6oWVpyPbM","Cut and Pride Barbershop","101 Crawford st, 1600 Commerce St, Houston, TX 77002, USA","Houston","(713) 545-4170","https://cutandpride.setmore.com/","29.760246399999996","-95.35405569999999","5","91","barber_shop | hair_care | health | service | point_of_interest | establishment","OPERATIONAL"
"ChIJkwMfk5LnQIYR6NsPRxRhwuw","Best Barbershop","11246 S Wilcrest Dr Suite 180, Houston, TX 77099, USA","Houston","(346) 678-9654","http://www.bestbarbershoptx.com/","29.658348800000002","-95.5707389","4.6","212","barber_shop | hair_care | health | service | point_of_interest | establishment","OPERATIONAL"
"ChIJ7YhhS-u5QIYRWOfFiuXhiF4","Ty's Barber Lounge","5836 N Main St, Houston, TX 77009, USA","Houston","(832) 910-7202","https://www.picktime.com/tythebarberguy","29.8043831","-95.38785349999999","5","171","barber_shop | hair_care | health | service | point_of_interest | establishment","OPERATIONAL"
"ChIJBxosMDjDQIYRMxeDXOgj4gU","Made Men - Barber, Hair Salon & Design Cuts","5909 Westheimer Rd, Houston, TX 77057, USA","Houston","(832) 276-5782","http://mademenstudio.com/?utm_campaign=gmb","29.7374874","-95.4854467","4.8","805","barber_shop | hair_salon | hair_care | health | service | point_of_interest | establishment","OPERATIONAL"
"ChIJUa1o1YvGQIYRYoIZzDyrfm4","Empire Barber Studio","10515 Northwest Fwy, Houston, TX 77092, USA","Houston","(713) 865-2011","http://www.empirebarberstudio.com/","29.81225","-95.46209549999999","5","184","barber_shop | hair_care | health | service | point_of_interest | establishment","OPERATIONAL"
"ChIJudy17v6_QIYRsi2BTOUjLdA","A1 Fadez","5221 Almeda Rd, Houston, TX 77004, USA","Houston","(225) 287-2733","https://houstonmenshaircut.com/","29.722278000000003","-95.37867","4.9","82","barber_shop | hair_care | health | service | point_of_interest | establishment","OPERATIONAL"
"ChIJE4Vv5665QIYRyF9AVQyw4rM","Scissors & Scotch","2799 Katy Fwy Suite 220, Houston, TX 77007, USA","Houston","(281) 864-0500","https://scissorsscotch.com/locations/tx/houston/houston-heights/","29.774952199999994","-95.3885061","4.8","730","barber_shop | hair_salon | hair_care | health | service | point_of_interest | establishment","OPERATIONAL"
"ChIJc1KDcAKfToYRjZDg7ks3R_4","HQ Barbershop","3527 Oak Lawn Ave, Dallas, TX 75219, USA","Dallas","(214) 741-1744","https://thehqbarbershop.com/","32.8126822","-96.8051124","5","351","barber_shop | hair_care | health | service | point_of_interest | establishment","OPERATIONAL"
"ChIJA5S-SYCfToYRskQNhCHO0ac","Kutinfed Barbershop","6514 Skillman St, Dallas, TX 75231, USA","Dallas","(214) 517-8741","http://kutinfed.com/","32.8651902","-96.7423603","4.8","811","barber_shop | hair_care | health | service | point_of_interest | establishment","OPERATIONAL"
"ChIJqaxjL9whTIYRw8tJoZYkgCw","Premier Barber Lounge","7995 LBL Freeway UNIT 103, Dallas, TX 75251, USA","Dallas","(214) 484-2401","https://thepremierbarberlounge.com/","32.9256241","-96.7700024","5","321","barber_shop | hair_care | health | service | point_of_interest | establishment","OPERATIONAL"
"ChIJK-yURxyfToYRn6WLcv_pJoY","Virtus Barber and Co","6224 La Vista Dr, Dallas, TX 75214, USA","Dallas","(972) 803-6135","http://virtusbarber.com/?utm_source=gmb&utm_medium=organic","32.8124373","-96.75592619999999","5","468","barber_shop | hair_care | health | service | point_of_interest | establishment","OPERATIONAL"
"ChIJzQUclbiYToYRg81CYak4QAM","Dallas Fades Barbershop","124 N Peak St, Dallas, TX 75226, USA","Dallas","(972) 807-2072","http://www.dallasfadesofficial.com/","32.790711","-96.769492","4.5","452","barber_shop | hair_salon | hair_care | health | service | point_of_interest | establishment","OPERATIONAL"
"ChIJF5N-mueJxIkRdLnULZa-I-w","Fine Lines Barber","407 N Lamar St, Dallas, TX 75202, USA","Dallas","(484) 744-7381","https://www.finelinesbarber.com/","32.7815881","-96.8051704","5","153","barber_shop | hair_care | health | service | point_of_interest | establishment","OPERATIONAL"
"ChIJQ--kVnaZToYRKYAngiwIv9w","JMajor Cutz & Mobile Barber","4100 Commerce St Unit #4, Dallas, TX 75226, USA","Dallas","(214) 756-0299","https://squareup.com/appointments/book/tso4dokgq41rm5/L9BPFGEK3DPY5/services?fbclid=PAAabLOxftxUCBVrwpUgoEEWx-7ajxRjEtR6LA0343hxoPFd0y6vtixesnzZc_aem_AV0OZafV4k-DYYlF7Tp5M6GP60gwISdhjd3N4FxtQp8H9jBrvZZGTdLdPgW7WnENqeo","32.7835259","-96.7680072","4.9","508","barber_shop | hair_care | health | service | point_of_interest | establishment","OPERATIONAL"
"ChIJ87PatxGZToYR3jsRR4WxWPQ","Sir Sweeney Barbershop & Lounge","2426 Victory Park Ln, Dallas, TX 75219, USA","Dallas","(214) 814-7666","https://sirsweeney.com/","32.788404299999996","-96.80921320000002","4.9","134","barber_shop | hair_care | health | service | point_of_interest | establishment","OPERATIONAL"
"ChIJ14XI7IIfTIYRK4A_C89BRVA","BLADE 21 BARBERSHOP + SALON","12101 Greenville Ave Suite 108, Dallas, TX 75243, USA","Dallas","(214) 258-5891","N/A","32.9131565","-96.7461599","4.9","427","barber_shop | hair_salon | hair_care | health | service | point_of_interest | establishment","OPERATIONAL"
"ChIJNzUVPUmZToYRKmRZ81PRLxk","Scissors & Scotch","100 Crescent Ct Ste 150, Dallas, TX 75201, USA","Dallas","(469) 206-0394","https://scissorsscotch.com/locations/tx/dallas/uptown/","32.7939174","-96.80332949999999","4.9","2051","barber_shop | hair_salon | hair_care | health | service | point_of_interest | establishment","OPERATIONAL"
"ChIJwQRtSfKZToYRSpwJy_J95fk","Ninety Degrees Barbershop","407 N Lamar St #180C, Dallas, TX 75202, USA","Dallas","(972) 464-6772","https://ninetydegreesbarbershopdallas.com/90-degrees-lamar","32.781644799999995","-96.8052744","4.9","139","barber_shop | hair_care | health | service | point_of_interest | establishment","OPERATIONAL"
"ChIJyYR2xHCfToYRBu2EiMXfG6E","Bearded Bastard Barbershop","126 Oak Lawn Ave, Dallas, TX 75207, USA","Dallas","(817) 513-3456","http://beardedbastardbarbershop.com/","32.7903065","-96.82400489999999","4.8","166","barber_shop | hair_care | health | service | point_of_interest | establishment","OPERATIONAL"
"ChIJEV2sSj2ZToYRjBnwfq-8tSA","The Pegasus barbershop","Inside of The statler hotel, Dallas Statler Hilton, 1914 Commerce St, Dallas, TX 75201, USA","Dallas","(972) 754-5490","http://pegasusbarbershop.com/","32.7806779","-96.79465599999999","4.9","100","barber_shop | hair_care | health | service | point_of_interest | establishment","OPERATIONAL"
"ChIJQQ5EoJiZToYRMtcaz-RTfh8","The Fade Room Dallas","2616 Martin Luther King Jr Blvd, Dallas, TX 75215, USA","Dallas","(214) 931-2397","N/A","32.7672944","-96.7700174","5","77","barber_shop | hair_care | health | service | point_of_interest | establishment","OPERATIONAL"
"ChIJlwxjv0EnTIYRvJavGvFlCwg","Sauccy Fades Dallas Barbershop","11909 Preston Rd, 37 1436 2nd floor, suite, Dallas, TX 75230, USA","Dallas","(254) 420-8647","https://sauccyfades.com/","32.911397099999995","-96.80561949999999","5","517","barber_shop | beautician | hair_salon | hair_care | beauty_salon | massage_spa | massage | spa | health | service | point_of_interest | establishment","OPERATIONAL"
"ChIJlWxcRU-fToYRQH3NNIFFduo","Dime Barber Studio","6050 N Central Expy Unit 100 Suite 103, Dallas, TX 75206, USA","Dallas","(469) 798-0451","https://dimedallas.glossgenius.com/","32.839598699999996","-96.7742832","5","158","barber_shop | hair_care | health | service | point_of_interest | establishment","OPERATIONAL"
"ChIJAyI4rPqZToYR-Tuc0CuS1lE","The Players Club Barbershop","3105 Commerce St, Dallas, TX 75226, USA","Dallas","(214) 244-8282","https://the-players-club.square.site/","32.7843868","-96.77828339999999","5","130","barber_shop | hair_salon | hair_care | health | service | point_of_interest | establishment","OPERATIONAL"
"ChIJwT0Eo9QjTIYRYM-AXgg-cLs","EXCLUSIVE MEN’S GROOMING Barber/Grooming spa","17630 Davenport Rd #106, Dallas, TX 75252, USA","Dallas","(214) 484-9103","https://www.exclusivemensgrooming.com/","32.9892885","-96.793365","4.9","942","barber_shop | hair_salon | hair_care | health | service | point_of_interest | establishment","OPERATIONAL"
"ChIJU6QSJHmfToYRH5izbCiy5e0","Whiskey Den Barbershop","3321 Oak Lawn Ave, Dallas, TX 75219, USA","Dallas","(682) 206-9722","https://whiskeydenbarbershop.com/","32.8108394","-96.8073323","5","376","barber_shop | hair_care | health | service | point_of_interest | establishment","OPERATIONAL"
"ChIJQbco08OfToYR1f06_cs4YRM","Ben’s Luxe Barber","9100 N Central Expy, Dallas, TX 75231, USA","Dallas","(214) 709-0046","https://www.bensluxebarber.com/","32.87254970000001","-96.76897319999999","5","212","barber_shop | hair_salon | hair_care | beauty_salon | health | service | point_of_interest | establishment","OPERATIONAL"
"ChIJ2U88OyDPRIYRihc5d5bUw60","Mike’s Barbershop","12030 N Lamar Blvd, Austin, TX 78753, Austin, TX 78758, USA","Austin","(206) 883-3959","https://www.mike-barbershop.com/","30.3924721","-97.68213999999999","4.9","229","barber_shop | hair_care | health | service | point_of_interest | establishment","OPERATIONAL"
"ChIJb0-1RAe1RIYRSfxSPBugCPM","The Shop ATX","301 Chicon St Unit E, Austin, TX 78702, USA","Austin","(737) 296-7424","https://www.theshopatx.com/","30.258974299999995","-97.72346669999999","5","288","barber_shop | hair_care | health | service | point_of_interest | establishment","OPERATIONAL"
"ChIJO4lLhae1RIYRzXPUH1H3Rdk","The Good Life Barber Shop","1717 W 6th St Suite 130R, Austin, TX 78703, USA","Austin","(512) 320-0010","http://www.thegoodlifebarbershop.com/","30.276215399999998","-97.7658641","4.9","377","barber_shop | hair_care | health | service | point_of_interest | establishment","OPERATIONAL"
"ChIJ0SRTWqbLRIYRBdMNMjtFofA","Bearded Barber ATX","2939 W Anderson Ln., Austin, TX 78757, USA","Austin","(512) 387-4402","https://www.beardedbarberatx.com/","30.359177299999995","-97.7390252","4.8","373","barber_shop | hair_care | health | service | point_of_interest | establishment","OPERATIONAL"
"ChIJDxczPoS1RIYREEjTwwv4tzs","737 Barbershop","403 E Ben White Blvd Unit C, Austin, TX 78704, USA","Austin","(737) 218-8586","https://booksy.com/en-us/dl/show-business/1651315","30.2199164","-97.76011199999999","5","86","barber_shop | hair_care | health | service | point_of_interest | establishment","OPERATIONAL"
"ChIJzW2EM7a1RIYRGOkNCV6FkmI","Barbon's Barbershop","1912 E 7th St ste c, Austin, TX 78702, USA","Austin","(512) 284-7125","http://www.barbonsbarbershop.com/","30.262623299999998","-97.7208363","4.8","423","barber_shop | hair_care | health | service | point_of_interest | establishment","OPERATIONAL"
"ChIJO4Nv1eS1RIYRfKtjTaXAsek","Olde Soul Barbershop","1614 E 6th St Unit 115, Austin, TX 78702, USA","Austin","(512) 402-2523","https://oldesoulbarbershop.com/pages/olde-soul-barbershop-east","30.2627363","-97.7252883","4.9","567","barber_shop | hair_care | health | service | point_of_interest | establishment","OPERATIONAL"
"ChIJ3_zcZgzLRIYROGMTOg1-d04","Honest Barber","5436 Burnet Rd, Austin, TX 78756, USA","Austin","(512) 593-1397","http://honestbarberatx.com/","30.329457599999998","-97.7401812","4.7","482","barber_shop | hair_care | health | service | point_of_interest | establishment","OPERATIONAL"
"ChIJKTlfH3e1RIYRVlPwawq7k6k","Little Barber","2819 San Jacinto Blvd, Austin, TX 78705, USA","Austin","(512) 571-3758","http://littlebarberatx.com/","30.2917667","-97.73520119999999","4.8","266","barber_shop | hair_care | health | service | point_of_interest | establishment","OPERATIONAL"
"ChIJs9Rd6ggPH4IRpCY-R3_9JSw","Fade Factory Barber Studio","1601 E Cesar Chavez St #103, Austin, TX 78702, USA","Austin","(512) 599-4003","https://fadefactoryatx.studio/","30.258175400000002","-97.72838589999999","4.8","255","barber_shop | hair_care | health | service | point_of_interest | establishment","OPERATIONAL"
"ChIJ457UQHC1RIYRuRNHPJhjemg","Beard's Barbershop","2900 S Congress Ave #207, Austin, TX 78704, USA","Austin","(737) 224-2403","https://www.beardsbarbershop.com/","30.2335062","-97.7584974","5","155","barber_shop | hair_care | health | service | point_of_interest | establishment","OPERATIONAL"
"ChIJtXYt-KC1RIYRcqrrbah0epA","Elevated Barber Studio ATX","4600 Mueller Blvd #1003, Austin, TX 78723, USA","Austin","(512) 409-5452","http://www.elevatedbarberstudioatx.com/","30.2989541","-97.7073298","4.9","316","barber_shop | hair_care | health | service | point_of_interest | establishment","OPERATIONAL"
"ChIJIRFRoAizRIYRXUZDUccXjW0","Barber To The People","6501 S Congress Ave Suite 1-101, Austin, TX 78745, USA","Austin","(737) 202-8252","https://www.barbertothepeople.com/","30.1946945","-97.7775497","4.9","427","barber_shop | hair_care | health | service | point_of_interest | establishment","OPERATIONAL"
"ChIJNaxsTpHLRIYR5wrMeuKM0go","Barbershop 808","215 W N Loop Blvd, Austin, TX 78751, USA","Austin","(512) 666-8235","https://barbershop808.com/","30.318379200000003","-97.7245698","5","147","barber_shop | hair_care | health | service | point_of_interest | establishment","OPERATIONAL"
"ChIJq1EEI_hLW4YR_SmwuLI5rQY","Man Cave Barbershop","2901 S Capital of Texas Hwy Suite 12, Austin, TX 78746, USA","Austin","(512) 216-1800","https://mancavemensalon.com/","30.2586548","-97.80797919999999","5","151","barber_shop | hair_care | health | service | point_of_interest | establishment","OPERATIONAL"
"ChIJjc0qe2HLRIYR9B7Vs4NMBkg","QQ Barbershop North Lamar","5501 N Lamar Blvd A113, Austin, TX 78751, USA","Austin","(512) 215-9760","https://www.qqbarbershoplamar.com/","30.322952700000002","-97.72742880000001","4.9","241","barber_shop | hair_care | health | service | point_of_interest | establishment","OPERATIONAL"
"ChIJ-27F_BbLRIYRnxfh6uW3f4g","Monarch Barbershop","3435 Greystone Dr Suite 102, Austin, TX 78731, USA","Austin","(833) 606-3543","https://monarchatx.com/","30.3570101","-97.7485406","5","200","barber_shop | hair_care | health | service | point_of_interest | establishment","OPERATIONAL"
"ChIJyXXjgxJNW4YRCtlN7gbixeA","Humble Hustle Barbershop","623 W Dittmar Rd A, Austin, TX 78745, USA","Austin","(512) 506-1052","http://humblehustlebarbershop.com/","30.1833163","-97.7920621","4.9","117","barber_shop | hair_care | health | service | point_of_interest | establishment","OPERATIONAL"
"ChIJd92xJW9NW4YRp1tH-CYG88o","Common Space Barbershop","2605 Jones Rd Suite E, Austin, TX 78745, USA","Austin","(512) 981-7166","https://www.commonspacebarbershop.com/","30.224072899999996","-97.80219129999999","5","133","barber_shop | hair_care | health | service | point_of_interest | establishment","OPERATIONAL"
"ChIJeV_yibPLRIYR2FsjD4A4cyg","Barbers X Alkemy","5312 Airport Blvd # C, Austin, TX 78751, USA","Austin","(512) 844-8701","https://barbersxalkemy.glossgenius.com/","30.314783","-97.715144","5","426","barber_shop | beauty_salon | hair_care | health | service | point_of_interest | establishment","OPERATIONAL"
"ChIJvSytnapYXIYRQMLIlRoEAlo","Urban City Barbershop • The Beard Experts","849 E Commerce St #748, San Antonio, TX 78205, USA","San Antonio","(210) 523-1200","http://www.urbancitybarbershop.com/","29.4239796","-98.4862224","4.9","3271","barber_shop | hair_care | health | service | point_of_interest | establishment","OPERATIONAL"
"ChIJF4rrj2-JXIYRpH5TWVA5OXY","High End Barber Shop","20210 Stone Oak Pkwy, San Antonio, TX 78258, USA","San Antonio","(210) 465-7474","http://highendbarbers.com/","29.642215699999998","-98.47986619999999","4.9","1416","barber_shop | hair_salon | beauty_salon | hair_care | health | service | point_of_interest | establishment","OPERATIONAL"
"ChIJk-EtdNxdXIYR-bFCNMp6F_w","Champions Barber Lounge","1255 SW Loop 410 #133, San Antonio, TX 78227, USA","San Antonio","(210) 236-9366","https://boppr.me/championsbarbersmp","29.425678400000002","-98.65138789999999","5","1099","barber_shop | hair_care | health | service | point_of_interest | establishment","OPERATIONAL"
"ChIJNXGurelnXIYRviKgdoMExtY","Over the top barbershop","6387 Babcock Rd #6, San Antonio, TX 78240, USA","San Antonio","(210) 517-1097","N/A","29.5433741","-98.6135335","5","133","barber_shop | hair_care | health | service | point_of_interest | establishment","OPERATIONAL"
"ChIJ03aqs4CKXIYRRG7JjVLXJGk","Clipperhead Barber Shop","903 E Bitters Rd suite 303, San Antonio, TX 78216, USA","San Antonio","(210) 957-2080","http://www.clipperhead.com/","29.5631278","-98.47903690000001","4.9","485","barber_shop | hair_care | health | service | point_of_interest | establishment","OPERATIONAL"
"ChIJEQqnTaqLXIYRBSLQPUZSWQQ","Slicks Barber Studio","9400 Perrin Beitel #102, San Antonio, TX 78217, USA","San Antonio","(210) 277-7965","N/A","29.525046999999997","-98.41066579999999","4.9","965","barber_shop | hair_care | health | service | point_of_interest | establishment","OPERATIONAL"
"ChIJFfS_7Z9fXIYRIyg9e7ipAr0","Better Days Barbershop","1927 N St Mary's St, San Antonio, TX 78212, USA","San Antonio","(210) 712-3822","https://www.betterdaysbarbershop.com/","29.4431453","-98.4863482","5","65","barber_shop | hair_care | health | service | point_of_interest | establishment","OPERATIONAL"
"ChIJpY8HtDdZXIYRl1jXrg2owpw","South District Barber Co.","1913 S Flores St, San Antonio, TX 78204, USA","San Antonio","(210) 505-8079","https://southdistrictbarberco.com/","29.4054921","-98.5030025","4.9","241","barber_shop | hair_care | health | service | point_of_interest | establishment","OPERATIONAL"
"ChIJb95WCVJhXIYR90MuSX8alCQ","Havana Barbershop","11817 West Ave, San Antonio, TX 78216, USA","San Antonio","(210) 966-7834","https://www.instagram.com/havanabarbershopsatx?igsh=cHprczA3dnN3Yngy&utm_source=qr","29.549298599999997","-98.50670769999999","4.9","284","barber_shop | hair_care | health | service | point_of_interest | establishment","OPERATIONAL"
"ChIJN90YOuf1XIYRSE4RqliLY9E","1 of One Barber Shop North","7338 San Pedro Ave, San Antonio, TX 78216, USA","San Antonio","(210) 858-3112","https://www.1ofonestudio.com/?utm_source=google&utm_medium=wix_google_business_profile&utm_campaign=4803388522801391145","29.516441999999998","-98.498525","4.9","706","barber_shop | hair_care | health | service | point_of_interest | establishment","OPERATIONAL"
"ChIJGd-cLUFDXIYRsgqd-yXSwI4","Prestige Barber Co","11840 Alamo Ranch Pkwy Suite 50, San Antonio, TX 78253, USA","San Antonio","(210) 254-9960","https://www.prestigebarberco.com/","29.484855599999996","-98.72634599999999","5","94","barber_shop | hair_salon | hair_care | health | service | point_of_interest | establishment","OPERATIONAL"
"ChIJs_bVZ8NjXIYRCoRaNpTzwUQ","Lion's Mane Gentleman's Barbershop","19903 Stone Oak Pkwy Suite 114, San Antonio, TX 78258, USA","San Antonio","(210) 233-1103","https://www.lmgbarbershop.com/","29.642888499999998","-98.4910993","4.9","361","barber_shop | hair_care | health | service | point_of_interest | establishment","OPERATIONAL"
"ChIJDWTwszZDXIYRyePG1LLVk2k","Over The Top Barbershop","10151 Culebra Rd Suite 105, San Antonio, TX 78251, USA","San Antonio","(210) 314-3210","https://sites.google.com/view/overthetopbarbershop/home","29.4901988","-98.6899881","4.9","709","barber_shop | hair_care | health | service | point_of_interest | establishment","OPERATIONAL"
"ChIJE_CXjB32XIYRmNkJuSXJsKY","Southtown barbers","1802 S St Mary's St, San Antonio, TX 78210, USA","San Antonio","(210) 462-3532","https://square.site/book/AGKDJ33WVG7KQ/southtown-barbers-san-antonio-tx","29.404002900000002","-98.4855675","4.9","280","barber_shop | hair_salon | hair_care | health | service | point_of_interest | establishment","OPERATIONAL"
"ChIJPV3lqgxdXIYRsyo5TlkGp3E","Faded Souls","6301 Northwest Loop 410 Suite 4na, San Antonio, TX 78238, USA","San Antonio","(210) 338-0062","https://www.houseofslay.org/","29.4691016","-98.6212361","4.9","113","barber_shop | hair_care | health | service | point_of_interest | establishment","OPERATIONAL"
"ChIJWX2qawBfXIYRBziRRzlSsbE","DNYce Cutz Brooklyn Barbershop","5205 Fredericksburg Rd Suite #104, San Antonio, TX 78229, USA","San Antonio","(210) 454-1976","https://booksy.com/en-us/dl/show-business/1047983?utm_medium=c2c_referral","29.503403","-98.56126379999999","5","219","barber_shop | hair_care | health | service | point_of_interest | establishment","OPERATIONAL"
"ChIJR05bGbdhXIYRwsmx0QeCpbI","High End Barber Shop","16613 Huebner Rd, San Antonio, TX 78248, USA","San Antonio","(210) 475-3066","https://highendbarbers.com/","29.5941121","-98.5282759","5","622","barber_shop | hair_salon | beauty_salon | hair_care | health | service | point_of_interest | establishment","OPERATIONAL"
"ChIJn4j42xFgXIYR3w7iq3SRVxI","Los Barberos Barbershop","443 McCarty Rd, San Antonio, TX 78216, USA","San Antonio","(210) 370-3262","http://losbarberosclassicbarbershop.com/barbers/","29.5293647","-98.49961590000001","4.7","300","barber_shop | hair_salon | hair_care | health | service | point_of_interest | establishment","OPERATIONAL"
"ChIJS5Succ-JXIYRpw9P6Y3rM5Q","Prestige Barbershop","2606 TPC Pkwy Suite 108, San Antonio, TX 78259, USA","San Antonio","(210) 257-6680","https://www.vagaro.com/prestigebarbershoptx","29.6514863","-98.4449101","5","890","barber_shop | hair_care | health | service | point_of_interest | establishment","OPERATIONAL"
"ChIJhRLBkZJpXIYRpYMyOOsj4-g","Fineline Barbershop #3","11398 Bandera Rd #205, San Antonio, TX 78250, USA","San Antonio","(210) 257-5525","https://www.finelinebarbershopsa.com/location2-1","29.5501152","-98.66181449999999","5","1152","barber_shop | hair_care | health | service | point_of_interest | establishment","OPERATIONAL"
"ChIJkVQ640BxToYRLnBr0Ga2J6k","Local Barber of Fort Worth","115 W 2nd St #108, Fort Worth, TX 76102, USA","Fort Worth","(817) 615-9040","http://localbarberfwtx.com/","32.7552743","-97.3322249","4.9","232","barber_shop | service | point_of_interest | health | hair_care | establishment","OPERATIONAL"
"ChIJR0YDJeJzToYRGEUGq71NJp4","The Classic Barber","2603 8th Ave, Fort Worth, TX 76110, USA","Fort Worth","(817) 501-1597","https://bestfortworthbarber.com/","32.7141227","-97.3434066","4.8","648","barber_shop | service | point_of_interest | health | hair_care | establishment","OPERATIONAL"
"ChIJO_IbsJtxToYRcDNLU7idj9k","The Cutting Room Barber Salon, LLC","301 Commerce St Suite 125, Fort Worth, TX 76102, USA","Fort Worth","(682) 558-0995","http://cuttingroomdfw.com/","32.7559837","-97.33061459999999","4.9","632","barber_shop | service | point_of_interest | health | hair_care | establishment","OPERATIONAL"
"ChIJC6JepctzToYRaxOaBHFXvTw","Fort Worth Barber Shop","211 S Jennings St, Fort Worth, TX 76104, USA","Fort Worth","(817) 731-5252","http://fortworthbarbershop.com/","32.7423746","-97.32980549999999","4.6","304","barber_shop | service | point_of_interest | health | hair_care | establishment","OPERATIONAL"
"ChIJv_PrXERtToYRwqBrcmXEhu0","The Classic Barber - Southside","5211 McCart Ave, Fort Worth, TX 76115, USA","Fort Worth","(682) 321-3631","https://bestfortworthbarber.com/mccart-avenue-location/","32.668990199999996","-97.3552328","4.9","190","barber_shop | service | point_of_interest | health | hair_care | establishment","OPERATIONAL"
"ChIJz3WiTW5zToYRKqJFjMoY-ww","Mynt Barbershop","6635 Westworth Blvd Suite 105, Westworth Village, TX 76114, USA","Fort Worth","(817) 993-9043","https://myntbarbershop.com/","32.7560906","-97.4267386","4.8","737","barber_shop | service | point_of_interest | health | hair_care | establishment","OPERATIONAL"
"ChIJCdM5zThxToYRabnPdCSCtOY","Prime Barber co","1838 8th Ave, Fort Worth, TX 76110, USA","Fort Worth","(682) 708-1999","https://primebarbercotx.com/","32.7241152","-97.34395479999999","4.9","101","barber_shop | service | point_of_interest | health | hair_care | establishment","OPERATIONAL"
"ChIJM748JeJzToYRpGjc8V6QxHQ","District Barbershop","400 S Jennings St #100, Fort Worth, TX 76104, USA","Fort Worth","(817) 420-9552","http://www.districtbarbershop.com/","32.7405775","-97.33017389999999","4.7","466","barber_shop | service | point_of_interest | health | hair_care | establishment","OPERATIONAL"
"ChIJewcYO-FvToYRR5MOu8Pvlms","DFW BARBERS LLC","3154 Mansfield Hwy, Forest Hill, TX 76119, USA","Fort Worth","(682) 250-6180","https://linktr.ee/dfw.barbers","32.6833776","-97.28098709999999","4.9","329","barber_shop | service | point_of_interest | health | hair_care | establishment","OPERATIONAL"
"ChIJ7912LldzToYRk92j1j5fKVI","Fadeaway Jay Barber Suite","Inside Phenix Salon Suites, 5844 SW Loop 820 Suite #108, Fort Worth, TX 76132, USA","Fort Worth","(682) 556-5405","https://book.thecut.co/fadeawayjaysmalls","32.68523700000001","-97.4117953","5","52","barber_shop | service | point_of_interest | health | hair_care | establishment","OPERATIONAL"
"ChIJzf9Go6nZTYYRLH_fqh3Fb_I","Mynt Barbershop","9937 Blue Mound Rd #110, Fort Worth, TX 76131, USA","Fort Worth","(817) 993-9043","https://myntbarbershop.com/","32.9139785","-97.34947059999999","4.8","229","barber_shop | service | point_of_interest | health | hair_care | establishment","OPERATIONAL"
"ChIJ_cCnHAINToYRb_avSMo3qVg","Headbangerz barbershop","3052 Alta Mere Dr, Fort Worth, TX 76116, USA","Fort Worth","(682) 224-2306","https://linktr.ee/marinesjuan28","32.7290971","-97.4412409","4.9","172","barber_shop | service | point_of_interest | health | hair_care | establishment","OPERATIONAL"
"ChIJTc7_euhxToYRPcIb1ulA2Q8","The Standard Barber","1210 6th Ave Suite 100, Fort Worth, TX 76104, USA","Fort Worth","(817) 223-1983","https://www.thestandardbarberftw.com/","32.7317865","-97.3405566","4.9","80","barber_shop | clothing_store | service | point_of_interest | health | store | hair_care | establishment","OPERATIONAL"
"ChIJn28MsAx7ToYRadm6BS3EkTg","Backroom Barbershop","4817 Brentwood Stair Rd, Fort Worth, TX 76103, USA","Fort Worth","(682) 475-9107","https://www.backroombarbershop.com/","32.758733899999996","-97.2500728","5","146","barber_shop | service | point_of_interest | health | hair_care | establishment","OPERATIONAL"
"ChIJ5U0fwO9xToYRvZcBZ21v0EM","Social Barbershop","2525 Wilkinson Ave, Fort Worth, TX 76103, USA","Fort Worth","(817) 903-1502","N/A","32.744912299999996","-97.28983099999999","5","234","barber_shop | service | point_of_interest | health | hair_care | establishment","OPERATIONAL"
"ChIJTeRdfoh3ToYRS6qZo1EWAIQ","MX Barbershop & Salon","239 NE 28th St, Fort Worth, TX 76164, USA","Fort Worth","(817) 806-7464","N/A","32.7965549","-97.346829","4.8","292","barber_shop | beauty_salon | service | point_of_interest | health | hair_care | establishment","OPERATIONAL"
"ChIJQ3D8_8NzToYRTJza2mU3wF4","V's Barbershop Ft. Worth Tanglewood","4544 Hartwood Dr, Fort Worth, TX 76109, USA","Fort Worth","(817) 367-9080","https://vbarbershop.com/pages/location/ft-worth-tanglewood","32.708922699999995","-97.3885969","4.9","342","barber_shop | service | point_of_interest | health | hair_care | establishment","OPERATIONAL"
"ChIJyW1Wk-lzToYRrwkNC_Z42V0","Aaron's on 7th • Gentlemens Barber Shop","3402 W 7th St, Fort Worth, TX 76107, USA","Fort Worth","(817) 984-1062","http://www.aaronson7th.com/","32.7516258","-97.3668002","4.8","318","barber_shop | hair_salon | service | point_of_interest | health | hair_care | establishment","OPERATIONAL"
"ChIJgyBMtZTZTYYRv814xw_Gb_8","Cool Heads Barbershop Fort worth Alliance","9625 N Fwy, Fort Worth, TX 76177, USA","Fort Worth","(682) 267-1296","https://www.coolheadsmen.com/","32.9155436","-97.31858","4.9","536","barber_shop | hair_salon | service | point_of_interest | health | hair_care | establishment","OPERATIONAL"
"ChIJA9Ag15pxToYRCLZHR50WIMU","The Gents Place Barbershop","2300 W 7th St Suite 126, Fort Worth, TX 76107, USA","Fort Worth","(817) 803-4010","https://thegentsplace.com/service_location/ft-worth-west-7th/","32.7514621","-97.3503011","4.8","462","barber_shop | hair_salon | beauty_salon | service | point_of_interest | health | hair_care | establishment","OPERATIONAL"
"ChIJYaZbewBX54YRNqeaGrTETrg","Kingdom Barbershop","3921 Broaddus Ave, El Paso, TX 79904, USA","El Paso","(915) 226-3907","http://book.thecut.co/Justkevdabarber","31.830539700000003","-106.4456938","4.9","219","barber_shop | hair_care | service | health | point_of_interest | establishment","OPERATIONAL"
"ChIJwy0fRB_53YYRxJem1QA9Jqk","Luxor Salon & Barber Co.","750 Sunland Park Dr, El Paso, TX 79912, USA","El Paso","(915) 330-4108","https://booksy.com/en-us/1246611_luxor-salon-barber-co_professional-services_36604_el-paso#ba_s=sh_1","31.814081100000003","-106.5443006","4.7","141","barber_shop | hair_care | service | health | point_of_interest | establishment","OPERATIONAL"
"ChIJ0VJ7y-pE54YRL8ewGqz2KG8","Clipperhands Barbershop Eastside","1506 Lee Trevino Dr B2, El Paso, TX 79936, USA","El Paso","(915) 301-0019","https://booksy.com/en-us/96454_jay-clipperhands_barber-shop_36604_el-paso","31.752707299999994","-106.3173406","4.7","461","barber_shop | hair_care | supplier | manufacturer | service | store | health | point_of_interest | establishment","OPERATIONAL"
"ChIJ58eJGeJb54YR6UVj1JHju3s","Hammer & Nails El Paso - Fountains","8889 Gateway Blvd W suite 1760, El Paso, TX 79925, USA","El Paso","(915) 975-5911","https://hammerandnailsgrooming.com/location/el-paso-tx/","31.770341600000002","-106.3720905","4.8","545","barber_shop | hair_care | service | health | point_of_interest | establishment","OPERATIONAL"
"ChIJ_TFb_J9F54YRuxNvBV3d-Ro","New Generations Barber Shop","1320 N Zaragoza Rd #106, El Paso, TX 79936, USA","El Paso","(915) 502-6156","https://newgenerationsbarbershop.com/","31.726241499999997","-106.2992682","4.9","346","barber_shop | hair_care | service | health | point_of_interest | establishment","OPERATIONAL"
"ChIJmZ7Hj1NZ54YRzgOaWSEhF_g","Blendz Barbershop & Studio","3020 N Piedras St suite e, El Paso, TX 79930, USA","El Paso","(915) 217-0306","https://linktr.ee/blendzbarbershopstudio","31.803740699999995","-106.4610618","4.8","19","barber_shop | hair_care | service | health | point_of_interest | establishment","OPERATIONAL"
"ChIJPbU5yD5b54YRa55DCLlJ4hY","Dynasty Barber Studio","8838 Viscount Blvd # B, El Paso, TX 79925, USA","El Paso","(915) 626-5290","https://booksy.com/en-us/1066403_dynasty-barberstudio2_barber-shop_36604_el-paso?do=invite#ba_s=dl_1","31.774678500000004","-106.37372769999999","4.8","153","barber_shop | hair_care | service | health | point_of_interest | establishment","OPERATIONAL"
"ChIJFXuCGwpB54YR66bHrVFFeXk","FreshFadez Barberstudio","1160 Airway Blvd Suite B5, El Paso, TX 79925, USA","El Paso","(915) 259-8114","http://freshfadezairway.booksy.com/a/","31.7832194","-106.3935127","4.9","227","barber_shop | hair_salon | hair_care | service | health | point_of_interest | establishment","OPERATIONAL"
"ChIJsdNIS35D54YRVmBeKEwo_-M","Legends Barber Shop","1505 George Dieter Dr #105, El Paso, TX 79936, USA","El Paso","N/A","N/A","31.745477800000003","-106.30242109999999","4.6","377","barber_shop | hair_care | service | health | point_of_interest | establishment","OPERATIONAL"
"ChIJM-eVChNb54YRnbChTUkf1L4","TopShelf Barbershop","6100 Montana Ave STE F, El Paso, TX 79925, USA","El Paso","(915) 500-4232","https://usabizlink.top/details/topshelf-barbershop-ChIJM-e","31.7859872","-106.41173189999999","4.8","65","barber_shop | hair_care | service | health | point_of_interest | establishment","OPERATIONAL"
"ChIJYxo32qxF54YRXFTNSDCHKyY","Imperium Barbershop","6999 Montana Ave f, El Paso, TX 79925, USA","El Paso","(915) 345-9226","N/A","31.7909647","-106.39093629999999","5","97","barber_shop | hair_care | service | health | point_of_interest | establishment","OPERATIONAL"
"ChIJQ9Ja_0xb54YROC0TIBdUGcc","_sapo_cutz","6253 Airport Rd, El Paso, TX 79925, USA","El Paso","(915) 307-7798","https://passivemint.io/business/saps-co-barbershop-TIBdUGcc","31.788763900000003","-106.40878479999999","5","80","barber_shop | hair_care | service | health | point_of_interest | establishment","OPERATIONAL"
"ChIJg01Td3Nb54YRckOGt30lox0","Saint Lux Barber Studio Airway","1201 Airway Blvd Suite D-4, El Paso, TX 79925, USA","El Paso","(915) 358-6068","https://www.instagram.com/saintluxbarberstudio.ii?utm_source=ig_web_button_share_sheet&igsh=MTF0enNpMzJpdG55cA==","31.781781900000002","-106.39485909999999","4.9","121","barber_shop | hair_care | service | health | point_of_interest | establishment","OPERATIONAL"
"ChIJJXtEYVVD54YRHiRruAC_stc","CHOP SHOP BARBERS LLC.","1610 N Zaragoza Rd C1, El Paso, TX 79936, USA","El Paso","(915) 257-1446","N/A","31.7444763","-106.28500120000001","4.8","182","barber_shop | hair_care | service | health | point_of_interest | establishment","OPERATIONAL"
"ChIJEdnpwIlD54YR1wqoomta3vo","UpLifted Barber studio","1821 N Zaragoza Rd, El Paso, TX 79936, USA","El Paso","(915) 288-6779","https://booksy.com/en-us/1350242_uplifted-barber-studio_barber-shop_36604_el-paso#ba_s=sh_1","31.757204599999998","-106.2739584","4.7","226","barber_shop | hair_care | service | health | point_of_interest | establishment","OPERATIONAL"
"ChIJ2Vo09Txb54YR921qDQwrQ3U","FN BARBERSHOP","6560 Montana Ave #8, El Paso, TX 79925, USA","El Paso","(915) 222-8817","https://www.fnbarbershopllc.com/","31.788291999999995","-106.4009074","4.9","40","barber_shop | hair_care | service | health | point_of_interest | establishment","OPERATIONAL"
"ChIJJTCgiLdH54YRL-bpPRH8FUc","Next level barber studio","14010 Pebble Hills Blvd suite 102, El Paso, TX 79938, USA","El Paso","(915) 216-5702","https://linktr.ee/nextlevelbarber","31.782294699999998","-106.2441514","4.8","206","barber_shop | hair_care | service | health | point_of_interest | establishment","OPERATIONAL"
"ChIJp9c8KABd54YRd5rP5ezgPn8","Thy Kingdom Barbershop","8402 Alameda Ave, El Paso, TX 79907, USA","El Paso","(915) 271-1331","N/A","31.711025799999994","-106.3476438","4.9","115","barber_shop | hair_care | service | health | point_of_interest | establishment","OPERATIONAL"
"ChIJGU288tz53YYRwUWOCYwet_w","Lusso Barbers","6600 N Mesa St Suite 200, El Paso, TX 79912, USA","El Paso","(915) 525-1517","N/A","31.8344949","-106.5411508","4.8","191","barber_shop | hair_care | service | health | point_of_interest | establishment","OPERATIONAL"
"ChIJ91pYd_VX54YRbz2-65wIpys","Glory Road Barbershop","140 Montecillo Blvd ste B-3, El Paso, TX 79912, USA","El Paso","(915) 270-9938","http://gloryroadbarbershop.com/","31.808397499999998","-106.5138963","4.7","175","barber_shop | hair_care | service | health | point_of_interest | establishment","OPERATIONAL"