"Issue Name","Issue Type","Issue Priority","URLs","% of Total","Description","How To Fix","Help URL"
"Content: Readability Very Difficult","Opportunity","Low","4","1.240","Copy on the page is very difficult to read and best understood by university graduates according to the Flesch reading-ease score formula. Copy that has long sentences and uses complex words are generally harder to read and understand.","Consider improving the readability of copy for your target audience. Copy that uses shorter sentences with less complex words is often easier to read and understand.",""
"URL: Contains Space","Issue","Low","10","2.420","URLs that contain a space. These are considered unsafe and could cause the link to be broken when sharing the URL. Hyphens should be used as word separators instead of spaces.","Ideally hyphens should be used as word separators, rather than spaces. However, changing URLs is a big decision. If URLs are changed, then appropriate 301 redirects must be implemented.",""
"Page Titles: Over 561 Pixels","Opportunity","Medium","87","27.360","Pages which have page titles over Google's estimated pixel length limit for titles in search results. Google snippet length is actually based upon pixels limits, rather than a character length. The SEO Spider tries to match the latest pixel truncation points in the SERPs, but it is an approximation and Google adjusts them frequently.","Write concise page titles to ensure important words are not truncated in the search results, not visible to users and potentially weighted less in scoring.",""
"H1: Missing","Issue","Medium","1","0.310","Pages which have a missing <h1>, the content is empty or has a whitespace. The <h1> should describe the main title and purpose of the page and are considered to be one of the stronger on-page ranking signals.","Ensure important pages have concise, descriptive and unique headings to help users, and enable search engines to score and rank the page for relevant search queries.",""
"Response Codes: Internal Blocked by Robots.txt","Warning","High","5","1.000","Internal URLs blocked by the site's robots.txt. This means they cannot be crawled and is a critical issue if you want the page content to be crawled and indexed by search engines. View URLs that link to URLs blocked by robots.txt using the lower 'inlinks' tab and export them in bulk via 'Bulk Export > Response Codes > Internal > Blocked by Robots.txt inlinks'.","Review URLs to ensure they should be disallowed. If they are incorrectly disallowed, then the site's robots.txt should be updated to allow them to be crawled. Consider whether you should be linking internally to these URLs and remove links where appropriate.",""
"H2: Non-Sequential","Warning","Low","2","0.630","Pages with an <h2> that is not the second heading level after the <h1> on the page. Heading elements should be in a logical sequentially-descending order. The purpose of heading elements is to convey the structure of the page and they should be in logical order from <h1> to <h6>, which helps navigating the page and users that rely on assistive technologies.","Ensure the <h2> is the second heading on the page. Headings should be in a logical sequential order from <h1> to <h6>. Review and update page heading levels so they are descending in order, for example the heading element following an <h1> should be an <h2>, rather than an <h3>.",""
"Meta Description: Below 400 Pixels","Opportunity","Low","7","2.200","Pages which have meta descriptions much shorter than Google's estimated pixel length limit. This isn't necessarily an issue, but it does indicate there might be room to communicate benefits, USPs or call to actions.","Consider updating the meta description to take advantage of the space left to include additional benefits, USPs or call to actions to improve click through rates (CTR).",""
"Response Codes: External Client Error (4xx)","Warning","Low","3","0.600","External URLs with a client-side error. This indicates a problem occurred with the URL request and can include responses such as 400 bad request, 403 Forbidden, 404 Page Not Found, 410 Removed, 429 Too Many Requests and more. A 404 'Page Not Found' is the most common, and often referred to as a broken link. View URLs that link to errors using the lower 'inlinks' tab and export them in bulk via 'Bulk Export > Response Codes > External > Client Error (4xx) inlinks'.","All links on a website should ideally resolve to 200 'OK' URLs. Errors such as 404 broken links should be updated so users are taken to the correct URL, or removed. A 403 forbidden error occurs when a web server denies access to the SEO Spider's request and can often be resolved by switching the user-agent to Chrome via 'Config > User-Agent'. If they can be viewed in a browser, then it's often not an issue.",""
"H2: Multiple","Warning","Low","179","56.290","Pages which have multiple <h2>s. This is not an issue as HTML standards allow multiple <h2>'s when used in a logical hierarchical heading structure. However, this filter can help you quickly scan to review if they are used appropriately.","Ensure <h2>s are used in a logical hierarchical heading structure, and update where appropriate utilising the full heading rank between (h3 - h6) for additional headings.",""
"Directives: Nofollow","Warning","High","2","0.500","URLs containing a 'nofollow' directive in either a robots meta tag or X-Robots-Tag in the HTTP header. This is a 'hint' which tells the search engines not to follow any links on the page for crawling. This is generally used by mistake in combination with 'noindex', when there is no need to include this directive as it stops 'PageRank' from being passed onwards. To crawl pages with a nofollow directive within the SEO Spider, enable 'Follow Internal Nofollow' via 'Config > Spider'.","URLs with a 'nofollow' should be reviewed carefully to ensure that links shouldn't be crawled and PageRank shouldn't be passed on. If outlinks should be crawled and PageRank should be passed onwards, then the 'nofollow' directive should be removed.",""
"Response Codes: Internal Redirection (3xx)","Warning","Low","3","0.600","Internal URLs which redirect to another URL. These will include server-side redirects, such as 301 or 302 redirects (and more). View URLs that link to redirects using the lower 'inlinks' tab and export them in bulk via 'Bulk Export > Response Codes > Internal > Redirection (3xx) inlinks'.","Ideally all internal links would be to canonical resolving URLs, and avoid linking to URLs that redirect. This reduces latency of redirect hops for users, and enhanced efficiency for search engines.",""
"Page Titles: Duplicate","Opportunity","Medium","2","0.630","Pages which have duplicate page titles. It's really important to have distinct and unique page titles for every page. If every page has the same page title, then it can make it more challenging for users and the search engines to understand one page from another.","Update duplicate page titles as necessary, so each page contains a unique and descriptive title for users and search engines. If these are duplicate pages, then fix the duplicated pages by linking to a single version, and redirect or use canonicals where appropriate.",""
"Meta Description: Over 985 Pixels","Opportunity","Low","68","21.380","Pages which have meta descriptions over Google's estimated pixel length limit for snippets. Google snippet length is actually based upon pixels limits, rather than a character length. The SEO Spider tries to match the latest pixel truncation points in the SERPs, but it is an approximation and Google adjusts them frequently.","Write concise meta descriptions to ensure important words are not truncated in the search results, and not visible to users.",""
"H2: Missing","Warning","Low","15","4.720","Pages which have a missing <h2>, the content is empty or has a whitespace. The <h2> heading is often used to describe sections or topics within a document. They act as signposts for the user, and can help search engines understand the page.","Consider using logical and descriptive <h2>s on important pages that help the user and search engines better understand the page.",""
"H2: Over 70 Characters","Opportunity","Low","1","0.310","Pages which have <h2>s over the configured limit. There is no hard limit for characters in an <h2>, however they should be clear and concise for users and long headings might be less helpful","Write concise <h2>s for users, including target keywords where natural for users - without keyword stuffing.",""
"Links: Pages With High External Outlinks","Warning","Low","5","1.570","Pages that have a high number of followed external outlinks on them based upon the 'High External Outlinks' preferences under 'Config > Spider > Preferences'. External outlinks are hyperlinks to another subdomain or domain (depending on your configuration). This might be completely valid, such as linking to another part of the same root domain, or linking to other useful websites. External followed outlinks can be seen in the 'Outlinks' tab, with the 'All Link Types' filter set to 'Hyperlinks' where the 'Follow' column is 'True'.","Review followed external outlinks to ensure they are to credible, trusted and relevant websites that are useful to your users.",""
"Page Titles: Below 30 Characters","Opportunity","Medium","2","0.630","Pages which have page titles under the configured limit. This isn't necessarily an issue, but it does indicate there might be room to target additional keywords or communicate your USPs.","Consider updating the page title to take advantage of the space left to include additional target keywords or USPs.",""
"URL: Parameters","Warning","Low","12","2.910","URLs that include parameters such as '?' or '&'. This isn't an issue for Google or other search engines to crawl unless at significant scale, but it's recommended to limit the number of parameters in a URL which can be complicated for users, and can be a sign of low value-add URLs.","Where possible use a static URL structure without parameters for key indexable URLs. However, changing URLs is a big decision, and often it's not worth changing them for SEO purposes alone. If URLs are changed, then appropriate 301 redirects must be implemented.",""
"URL: Over 115 Characters","Opportunity","Low","13","3.150","URLs that are more than the configured length. This is generally not an issue, however research has shown that users prefer shorter, concise URL strings.","Where possible use logical and concise URLs for users and search engines. However, changing URLs is a big decision, and often it's not worth changing them for SEO purposes alone. If URLs are changed, then appropriate 301 redirects must be implemented.",""
"Directives: Noindex","Warning","High","4","0.990","URLs containing a 'noindex' directive in either a robots meta tag or X-Robots-Tag in the HTTP header. This instructs the search engines not to index the page. The page will still be crawled (to see the directive), but it will then be dropped from the index.","URLs with a 'noindex' should be reviewed carefully to ensure they are correct and shouldn't be indexed. If these pages should be indexed, then the 'noindex' directive should be removed.",""
"Content: Low Content Pages","Opportunity","Medium","45","13.980","Pages with a word count that is below the default 200 words. The word count is based upon the content area settings used in the analysis which can be configured via 'Config > Content > Area'. There isn't a minimum word count for pages in reality, but the search engines do require descriptive text to understand the purpose of a page. This filter should only be used as a rough guide to help identify pages that might be improved by adding more descriptive content in the context of the website and page's purpose. Some websites, such as ecommerce, will naturally have lower word counts, which can be acceptable if a products details can be communicated efficiently.","Consider including additional descriptive content to help the user and search engines better understand the page.",""
"Page Titles: Same as H1","Opportunity","Low","3","0.940","Page titles which match the h1 on the page exactly. This is not necessarily an issue, but may point to a potential opportunity to target alternative keywords, synonyms, or related key phrases.","This is not necessarily an issue, but may point to a potential opportunity to target alternative keywords, synonyms, or related key phrases.",""
"Links: Internal Outlinks With No Anchor Text","Opportunity","Low","6","1.890","Pages that have internal links without anchor text or images that are hyperlinked without alt text. Anchor text is the visible text and words used in hyperlinks that provide users and search engines context about the content of the target page. Internal outlinks without anchor text can be seen in the 'Outlinks' tab, with the 'All Link Types' filter set to 'Hyperlinks', where the 'Anchor Text' column is blank, or if an image, the 'Alt Text' column is also blank. Export in bulk via 'Bulk Export > Links > Internal Outlinks With No Anchor Text'.","Review the missing anchor text outlinks and where appropriate include useful and descriptive anchor text to help users and search engines.",""
"H1: Duplicate","Opportunity","Low","6","1.890","Pages which have duplicate <h1>s. It's important to have distinct, unique and useful main headings. If every page has the same <h1>, then it can make it more challenging for users and the search engines to understand one page from another.","Update duplicate <h1>s as necessary, so important pages contain a unique and descriptive <h1> for users and search engines.  If these are duplicate pages, then fix the duplicated pages by linking to a single version, and redirect or use canonicals where appropriate.",""
"Response Codes: Internal Client Error (4xx)","Issue","High","1","0.200","Internal URLs with a client-side error. This indicates a problem occurred with the URL request and can include responses such as 400 bad request, 403 Forbidden, 404 Page Not Found, 410 Removed, 429 Too Many Requests and more. A 404 'Page Not Found' is the most common, and often referred to as a broken link. View URLs that link to errors using the lower 'inlinks' tab and export them in bulk via 'Bulk Export > Response Codes > Internal > Client Error (4xx) inlinks'.","All links on a website should ideally resolve to 200 'OK' URLs. Errors such as a 404 or 410 should be updated to their correct locations, removed and redirected where appropriate. A 403 forbidden error occurs when a web server denies access to the SEO Spider's request and can often be resolved by switching the user-agent to Chrome via 'Config > User-Agent' and crawling again.",""
"URL: Underscores","Opportunity","Low","10","2.420","URLs with underscores, which are not always seen as word separators by search engines.","Ideally hyphens should be used as word separators, rather than underscores. However, changing URLs is a big decision, and often it's not worth changing them for SEO purposes alone. If URLs are changed, then appropriate 301 redirects must be implemented.",""
"Page Titles: Over 60 Characters","Opportunity","Medium","88","27.670","Pages which have page titles that exceed the configured limit. Characters over this limit might be truncated in Google's search results and carry less weight in scoring.","Write concise page titles to ensure important words are not truncated in the search results, not visible to users and potentially weighted less in scoring.",""
"Canonicals: Canonicalised","Warning","High","100","31.060","Pages that have a canonical to a different URL. The URL is 'canonicalised' to another location. This means the search engines are being instructed to not index the page, and the indexing and linking properties should be consolidated to the URL in the canonical.","These URLs should be reviewed carefully to ensure the indexing and link signals are being consolidated to the correct URL. In a perfect world, a website wouldn't need to canonicalise any URLs as only canonical versions would be linked to internally on a website, but often they are required due to various circumstances outside of control, and to prevent duplicate content. Update internal links to canonical versions of URLs where possible.",""
"H1: Over 70 Characters","Opportunity","Low","2","0.630","Pages which have <h1>s over the configured length. There is no hard limit for characters in an <h1>, however they should be clear and concise for users and long headings might be less helpful","Write concise <h1>s for users, including target keywords where natural for users - without keyword stuffing.",""
"Images: Missing Size Attributes","Opportunity","Low","46","77.970","Image elements without dimensions (width and height size attributes) specified in the HTML. This can cause large layout shifts as the page loads and be frustrating experience for users. It is one of the major reasons that contributes to a high Cumulative Layout Shift (CLS).","Define all image sizes as their native size using width and height attributes in the HTML. This allows the browser to calculate enough space for each image before it loads, avoiding large layout shifts.",""
"Links: Pages Without Internal Outlinks","Warning","High","10","3.140","Pages that do not contain links to other internal pages. This can mean there are no links to other pages. However, it is also often due to the use of JavaScript, where links are not present in the raw HTML and are only in the rendered HTML after JavaScript has been processed. Enable JavaScript rendering mode ('Config > Spider > Rendering') to crawl pages with links that are only client-side in the rendered HTML. If there are no links that use an <a> tag with an href attribute to other internal pages, the search engines and the SEO Spider will have trouble discovering and indexing them.","Review the pages and whether there are links in the raw or rendered HTML. Switch to JavaScript rendering mode if links are only in the rendered HTML. While Google is able to render pages and see client-side only links, consider including important links server side in the raw HTML. For pages that simply don't link to any other internal pages, consider linking to other pages to help users continue in their journey and pass PageRank onwards.",""
"URL: Uppercase","Warning","Low","11","2.660","URLs that have uppercase characters within them. URLs are case sensitive, so as best practice generally URLs should be lowercase, to avoid any potential mix ups and duplicate URLs.","Ideally lowercase characters should be used for URLs only. However, changing URLs is a big decision, and often it's not worth changing them for SEO purposes alone. If URLs are changed, then appropriate 301 redirects must be implemented.",""
"Page Titles: Below 200 Pixels","Opportunity","Medium","1","0.310","Pages which have page titles much shorter than Google's estimated pixel length limit. This isn't necessarily an issue, but it does indicate there might be room to target additional keywords or communicate your USPs.","Consider updating the page title to take advantage of the space left to include additional target keywords or USPs.",""
"H2: Duplicate","Opportunity","Low","167","52.520","Pages which have duplicate <h2>s. It's important to have distinct, unique and useful pages. If every page has the same <h2>, then it can make it more challenging for users and the search engines to understand one page from another.","Update duplicate <h2>s as necessary, so important pages contain a unique and descriptive <h2> for users and search engines.  If these are duplicate pages, then fix the duplicated pages by linking to a single version, and redirect or use canonicals where appropriate.",""
"Images: Over 100 kB","Opportunity","Medium","33","55.930","Large images over a size threshold. Page speed is extremely important for users and SEO and often large resources such as images are one of the most common issues that slow down web pages. This filter simply acts as a general rule of thumb to help identify images that are fairly large in file size and may take longer to load. These should be considered for optimisation, alongside opportunities identified in the PageSpeed tab which uses the PSI API and Lighthouse to audit speed. This can help identify images that haven't been optimised in size, load offscreen, are unoptimised etc.","Uncompressed images bloat pages with unnecessary bytes, so ensure images are optimised with compression, properly scaled, and using the best image format to reduce file size where possible.",""
"Content: Readability Difficult","Opportunity","Low","16","4.970","Copy on the page is difficult to read and best understood by college graduates according to the Flesch reading-ease score formula. Copy that has long sentences and uses complex words are generally harder to read and understand.","Consider improving the readability of copy for your target audience. Copy that uses shorter sentences with less complex words is often easier to read and understand.",""
"Meta Description: Over 155 Characters","Opportunity","Low","72","22.640","Pages which have meta descriptions over the configured limit. Characters over this limit might be truncated in Google's search results.","Write concise meta descriptions to ensure important words are not truncated in the search results, and not visible to users.",""
"Canonicals: Missing","Warning","Medium","3","0.930","Pages that have no canonical URL present either as a link element, or via HTTP header. If a page doesn't indicate a canonical URL, Google will identify what they think is the best version or URL. This can lead to ranking unpredictability when there are multiple versions discovered, and hence generally all URLs should specify a canonical version","Specify a canonical URL for every page to avoid any potential ranking unpredictability if multiple versions of the same page are discovered on different URLs.",""
"Security: Missing Content-Security-Policy Header","Warning","Low","403","97.580","URLs that are missing the Content-Security-Policy response header. This header allows a website to control which resources are loaded for a page. This policy can help guard against cross-site scripting (XSS) attacks that exploit the browser's trust of the content received from the server. The SEO Spider only checks for existence of the header, and does not interrogate the policies found within the header to determine whether they are well set-up for the website. This should be performed manually.","Set a strict Content-Security-Policy response header across all page to help mitigate cross site scripting (XSS) and data injection attacks.",""
"Meta Description: Below 70 Characters","Opportunity","Low","7","2.200","Pages which have meta descriptions below the configured limit. This isn't strictly an issue, but an opportunity. There is additional room to communicate benefits, USPs or call to actions.","Consider updating the meta description to take advantage of the space left to include additional benefits, USPs or call to actions to improve click through rates (CTR).",""
