bucket,name,city,target_table,licenses
"pending_directive","GET FADED BARBER AND BEAUTY COLLEGE","BAKERSFIELD","","barber:2/6; esthetics:5/5; manicuring:1/1"
"pending_directive","LANCASTER BEAUTY SCHOOL","LANCASTER","","barber:2/5; cosmetology:1/2; esthetics:2/4; manicuring:2/3"
"pending_directive","MIXED INSTITUTE OF COSMETOLOGY & BARBER","SACRAMENTO","","barber:12/13; cosmetology:5/6; esthetics:3/5; manicuring:1/1"
"pending_directive","MODERN BEAUTY ACADEMY","OXNARD","","barber:2/7; cosmetology:1/4"
"pending_directive","PAUL MITCHELL THE SCHOOL FRESNO","FRESNO","","barber:3/6; cosmetology:9/21"
"pending_directive","PAUL MITCHELL THE SCHOOL MODESTO","MODESTO","","barber:1/2; cosmetology:5/8; esthetics:29/32; manicuring:4/6"
"pending_directive","PAUL MITCHELL THE SCHOOL SACRAMENTO","SACRAMENTO","","barber:8/11; cosmetology:13/26; esthetics:14/17"
"pending_directive","PAUL MITCHELL THE SCHOOL SAN DIEGO","SAN DIEGO","","barber:3/5; cosmetology:11/20; esthetics:13/15"
"pending_directive","PRECISE BARBER COLLEGE","LOS ANGELES","","barber:1/1"
"pending_directive","SALON SUCCESS ACADEMY","RIVERSIDE","","barber:5/7; cosmetology:1/2; manicuring:7/9"
"pending_directive","CEN BEAUTY ACADEMY","RIVERSIDE","","cosmetology:1/2; esthetics:1/1; manicuring:3/4"
"pending_directive","FEDERICO BEAUTY INSTITUTE","SACRAMENTO","","cosmetology:9/11; esthetics:15/18; manicuring:11/12"
"pending_directive","INTERNATIONAL BEAUTY COLLEGE","SAN FRANCISCO","","cosmetology:2/4; esthetics:0/2; manicuring:1/2"
"pending_directive","INTERNATIONAL COLLEGE OF COSMETOLOGY","OAKLAND","","cosmetology:1/1; esthetics:0/1"
"pending_directive","PAUL MITCHELL THE SCHOOL SAN JOSE","SAN JOSE","","cosmetology:2/5"
"seed","FREDRICK & CHARLES BEAUTY COLLEGE","EUREKA","agent_cosmetology_school_leads","barber:2/2; cosmetology:4/6; esthetics:2/2"
"seed","HACIENDA LA PUENTE ADULT EDUCATION, COSM","LA PUENTE","agent_cosmetology_school_leads","barber:3/4; cosmetology:4/6; esthetics:10/11; manicuring:6/7"
"seed","HINTON BARBER AND BEAUTY COLLEGE","VALLEJO","agent_barber_school_leads","barber:1/2"
"seed","INSPIRE ACADEMY OF BARBERING AND COSMETO","STOCKTON","agent_cosmetology_school_leads","barber:1/1; manicuring:3/5"
"seed","INSTITUTE OF BEAUTY CULTURE","SANTA MARIA","agent_cosmetology_school_leads","barber:1/1; cosmetology:3/4; esthetics:2/2; manicuring:1/1"
"seed","INTERNATIONAL ACADEMY OF COSMETOLOGY","ALHAMBRA","agent_cosmetology_school_leads","barber:1/1; esthetics:1/1; manicuring:1/1"
"seed","INTERNATIONAL ACADEMY OF COSMETOLOGY","SOUTH GATE","agent_cosmetology_school_leads","barber:4/10; cosmetology:5/7; esthetics:3/4"
"seed","INTERNATIONAL SCHOOL OF BEAUTY","PALM DESERT","agent_cosmetology_school_leads","barber:2/2; cosmetology:5/5; esthetics:4/4; manicuring:4/5"
"seed","IVY LEAGUE BARBER ACADEMY","LAKE ELSINORE","agent_barber_school_leads","barber:3/3"
"seed","IVY LEAGUE BARBER ACADEMY","SAN MARCOS","agent_barber_school_leads","barber:3/5"
"seed","JA SCHOOL OF HAIRDRESSING","CORONA","agent_cosmetology_school_leads","barber:0/1; cosmetology:3/3; esthetics:1/1"
"seed","JAMA'S BEAUTY & BARBER COLLEGE","WEST HILLS","agent_cosmetology_school_leads","barber:1/1; cosmetology:0/1; esthetics:4/5"
"seed","JOHN WESLEY INTERNATIONAL BARBER AND BEAUTY COLLEGE","LONG BEACH","agent_cosmetology_school_leads","barber:1/2; cosmetology:1/1"
"seed","KATIE SKILLS CENTER","OAKLAND","agent_cosmetology_school_leads","barber:0/1; cosmetology:14/27; esthetics:2/2; manicuring:31/38"
"seed","KZ ACADEMY","MILPITAS","agent_cosmetology_school_leads","barber:2/3; cosmetology:1/7; esthetics:9/15; manicuring:4/4"
"seed","LAWRENCE & COMPANY COLLEGE OF COSMETOLOGY","HANFORD","agent_cosmetology_school_leads","barber:2/2; esthetics:4/5"
"seed","LEARNING INSTITUTE OF SOUTHERN CALIFORNI","EL CENTRO","agent_cosmetology_school_leads","barber:3/4; cosmetology:1/1"
"seed","LOS ANGELES TRADE TECHNICAL COLLEGE","LOS ANGELES","agent_cosmetology_school_leads","barber:8/9; cosmetology:12/17; esthetics:7/12"
"seed","LU ROSS ACADEMY","VENTURA","agent_cosmetology_school_leads","barber:7/9; cosmetology:13/17; esthetics:14/18; manicuring:4/4"
"seed","MASTER ACADEMY","LONG BEACH","agent_cosmetology_school_leads","barber:3/7; cosmetology:1/3"
"seed","MASTER ACADEMY","NORWALK","agent_barber_school_leads","barber:7/8"
"seed","MASTER BARBERING ACADEMY","LONG BEACH","agent_barber_school_leads","barber:1/1"
"seed","MILAN INSTITUTE","BAKERSFIELD","agent_cosmetology_school_leads","barber:1/3; cosmetology:22/29; esthetics:8/11; manicuring:11/12"
"seed","MILAN INSTITUTE","CLOVIS","agent_cosmetology_school_leads","barber:8/11; cosmetology:19/29; esthetics:20/28; manicuring:17/21"
"seed","MILAN INSTITUTE","MERCED","agent_cosmetology_school_leads","barber:2/6; cosmetology:11/13; esthetics:3/7; manicuring:5/8"
"seed","MILAN INSTITUTE","PALM DESERT","agent_cosmetology_school_leads","barber:3/5; cosmetology:5/9; esthetics:7/10; manicuring:5/6"
"seed","MILAN INSTITUTE","VISALIA","agent_cosmetology_school_leads","barber:5/9; cosmetology:15/19; esthetics:9/13; manicuring:11/14"
"seed","MILAN INSTITUTE OF COSMETOLOGY","VACAVILLE","agent_cosmetology_school_leads","barber:3/5; cosmetology:8/13; esthetics:8/14; manicuring:6/6"
"seed","MJ BARBER & BEAUTY ACADEMY","HEMET","agent_cosmetology_school_leads","barber:6/10; cosmetology:1/1; esthetics:4/5"
"seed","MJ BARBER & BEAUTY ACADEMY","LA QUINTA","agent_cosmetology_school_leads","barber:1/4; cosmetology:3/4"
"seed","MOLER BARBER COLLEGE","HAYWARD","agent_barber_school_leads","barber:4/9"
"seed","MOLER BARBER COLLEGE","SAN PABLO","agent_cosmetology_school_leads","barber:0/1; cosmetology:3/5; esthetics:3/3"
"seed","MY BEAUTY & BARBER COLLEGE","SACRAMENTO","agent_barber_school_leads","barber:1/1"
"seed","MY-LE'S BEAUTY COLLEGE","SACRAMENTO","agent_cosmetology_school_leads","barber:0/1; cosmetology:5/11; esthetics:5/6; manicuring:21/24"
"seed","NEWBERRY SCHOOL OF BEAUTY","GRANADA HILLS","agent_cosmetology_school_leads","barber:8/10; cosmetology:16/22; esthetics:10/14; manicuring:5/5"
"seed","NORTH ADRIAN'S COLLEGE OF BEAUTY","MODESTO","agent_cosmetology_school_leads","barber:0/1; cosmetology:4/6; esthetics:2/2; manicuring:3/3"
"seed","PAUL MITCHELL THE SCHOOL COSTA MESA","COSTA MESA","agent_cosmetology_school_leads","barber:2/4; cosmetology:20/35; esthetics:23/24"
"seed","PAUL MITCHELL THE SCHOOL EAST BAY","PLEASANT HILL","agent_cosmetology_school_leads","barber:2/2; cosmetology:10/14; esthetics:5/7"
"seed","PAUL MITCHELL THE SCHOOL PASADENA","PASADENA","agent_cosmetology_school_leads","barber:5/7; cosmetology:5/12; esthetics:8/10"
"seed","PAUL MITCHELL THE SCHOOL SHERMAN OAKS","SHERMAN OAKS","agent_cosmetology_school_leads","barber:6/8; cosmetology:12/19; esthetics:12/15"
"seed","PAUL MITCHELL THE SCHOOL TEMECULA","TEMECULA","agent_cosmetology_school_leads","barber:2/5; cosmetology:13/16; esthetics:27/30"
"seed","POMONA UNIFIED SCHOOL DISTRICT, COSMETOL","POMONA","agent_cosmetology_school_leads","barber:4/5; cosmetology:6/13"
"seed","PRISTINE BARBER ACADEMY","SANTA MARIA","agent_barber_school_leads","barber:4/9"
"seed","PRO BARBER COLLEGE","TORRANCE","agent_barber_school_leads","barber:5/11"
"seed","PRO BARBER COLLEGE","WESTMINSTER","agent_barber_school_leads","barber:3/6"
"seed","RICHARD N. SLAWSON SOUTHEAST OCCUPATIONA","BELL","agent_cosmetology_school_leads","barber:1/1; cosmetology:1/2"
"seed","RIGGINS URBAN BARBER AND BEAUTY COLLEGE","SAN DIEGO","agent_cosmetology_school_leads","barber:4/6; cosmetology:1/1"
"seed","ROSSTON SCHOOL OF HAIR DESIGN","ONTARIO","agent_barber_school_leads","barber:7/12"
"seed","SABA BEAUTY SCHOOL","LAKE FOREST","agent_cosmetology_school_leads","barber:2/2; cosmetology:8/9; esthetics:4/7; manicuring:6/6"
"seed","SADDLEBACK BEAUTY ACADEMY","LAGUNA HILLS","agent_cosmetology_school_leads","barber:2/2; cosmetology:18/25; esthetics:23/25; manicuring:6/7"
"seed","SALON SUCCESS ACADEMY","UPLAND","agent_cosmetology_school_leads","barber:1/1; cosmetology:11/13; esthetics:15/18; manicuring:6/6"
"seed","SAN BERNARDINO BEAUTY COLLEGE","SAN BERNARDINO","agent_cosmetology_school_leads","barber:2/2; cosmetology:1/2; esthetics:5/10; manicuring:4/7"
"seed","SAN FRANCISCO INSTITUTE OF ESTHETICS & C","SAN FRANCISCO","agent_cosmetology_school_leads","barber:1/1; cosmetology:10/11; esthetics:7/9; manicuring:5/5"
"seed","SAN LUIS OBISPO BEAUTY COLLEGE","SAN LUIS OBISPO","agent_barber_school_leads","barber:1/1"
"seed","SANTA ANA BEAUTY ACADEMY","SANTA ANA","agent_cosmetology_school_leads","barber:1/1; cosmetology:3/6; esthetics:8/8"
"seed","SANTA ANA BEAUTY COLLEGE","SANTA ANA","agent_cosmetology_school_leads","barber:1/4; cosmetology:17/18; esthetics:4/9; manicuring:18/21"
"seed","SANTA MONICA COMMUNITY COLLEGE","SANTA MONICA","agent_cosmetology_school_leads","barber:1/1; cosmetology:9/12; esthetics:11/14; manicuring:1/1"
"seed","SANTA ROSA BARBER COLLEGE","SANTA ROSA","agent_barber_school_leads","barber:6/10"
"seed","SHASTA SCHOOL OF COSMETOLOGY","REDDING","agent_cosmetology_school_leads","barber:1/3; cosmetology:4/4; esthetics:6/7; manicuring:5/7"
"seed","SIERRA COLLEGE OF BEAUTY","MERCED","agent_cosmetology_school_leads","barber:3/8; cosmetology:6/7; esthetics:1/5; manicuring:1/1"
"seed","SIMI INSTITUTE OF COSMETOLOGY","SIMI VALLEY","agent_cosmetology_school_leads","barber:3/3; cosmetology:14/18; esthetics:8/11; manicuring:7/11"
"seed","SIMPLY DIVINE ACADEMY","MONROVIA","agent_cosmetology_school_leads","barber:2/2; cosmetology:1/2; esthetics:2/2"
"seed","SIMPLY DIVINE ACADEMY","YUBA CITY","agent_cosmetology_school_leads","barber:2/2; cosmetology:3/5; esthetics:7/8; manicuring:1/2"
"seed","SOUTH BAY BARBER INSTITUTE","GILROY","agent_barber_school_leads","barber:12/18"
"seed","SOUTHERN CALIFORNIA COLLEGE OF BARBER AN","ESCONDIDO","agent_cosmetology_school_leads","barber:1/1; cosmetology:2/2; esthetics:2/2"
"seed","STAY FRESH BARBER ACADEMY","ESCONDIDO","agent_barber_school_leads","barber:3/5"
"seed","STRAIGHT PERM BEAUTY SCHOOL.COM","LOS ANGELES","agent_cosmetology_school_leads","barber:5/7; cosmetology:2/3; esthetics:0/1; manicuring:3/4"
"seed","TOPLINE BEAUTY COLLEGE","SANTA ANA","agent_cosmetology_school_leads","barber:1/1; cosmetology:1/1; esthetics:3/3; manicuring:7/11"
"seed","URBAN BARBER COLLEGE","CONCORD","agent_barber_school_leads","barber:11/15"
"seed","VICTOR VALLEY COLLEGE","VICTORVILLE","agent_cosmetology_school_leads","barber:2/2; cosmetology:11/15; esthetics:12/12; manicuring:11/14"
"seed","WAYNE'S COLLEGE OF BEAUTY","SALINAS","agent_cosmetology_school_leads","barber:2/4; cosmetology:0/1; esthetics:4/4; manicuring:1/1"
"seed","WEST COAST BARBER COLLEGE","OCEANSIDE","agent_barber_school_leads","barber:6/7"
"seed","WEST VALLEY OCCUPATIONAL CENTER","WOODLAND HILLS","agent_cosmetology_school_leads","barber:5/5; cosmetology:11/13; esthetics:11/13; manicuring:12/16"
"seed","WESTERN BARBER INSTITUTE","RESEDA","agent_barber_school_leads","barber:15/18"
"seed","ABC ADULT SCHOOL","CERRITOS","agent_barber_school_leads","barber:3/4"
"seed","ACADEMY FOR SALON PROFESSIONALS","NORTHRIDGE","agent_cosmetology_school_leads","barber:4/6; cosmetology:6/8"
"seed","ACADEMY OF BEAUTY","CULVER CITY","agent_cosmetology_school_leads","barber:0/2; esthetics:2/2"
"seed","ADRIAN'S BEAUTY COLLEGE OF TURLOCK","TURLOCK","agent_barber_school_leads","barber:1/1"
"seed","ADVANCE BEAUTY COLLEGE","GARDEN GROVE","agent_cosmetology_school_leads","barber:15/24; esthetics:42/55"
"seed","ADVANCE BEAUTY TECHS ACADEMY","CORONA","agent_cosmetology_school_leads","barber:2/4; esthetics:5/7"
"seed","ALVA BEAUTY COLLECTIVE","LEMON GROVE","agent_cosmetology_school_leads","barber:7/8; esthetics:9/16"
"seed","AMERICAN BEAUTY ACADEMY","BRAWLEY","agent_cosmetology_school_leads","barber:0/1; esthetics:9/12"
"seed","AMERICAN BEAUTY ACADEMY","PANORAMA CITY","agent_cosmetology_school_leads","barber:2/6; esthetics:10/24"
"seed","AMERICAN BEAUTY COLLEGE","PALMDALE","agent_cosmetology_school_leads","barber:2/7; esthetics:13/15"
"seed","AMERICAN BEAUTY COLLEGE","WEST COVINA","agent_cosmetology_school_leads","barber:1/4; esthetics:4/4"
"seed","AMERICAN EMPIRE COLLEGE","ROSEMEAD","agent_cosmetology_school_leads","barber:4/9; esthetics:3/11"
"seed","AMY BEAUTY SCHOOL","CORONA","agent_cosmetology_school_leads","barber:0/1; esthetics:17/21"
"seed","ASEL BEAUTY COLLEGE","GARDEN GROVE","agent_cosmetology_school_leads","barber:6/11; esthetics:6/7"
"seed","ASIAN-AMERICAN INTERNATIONAL BEAUTY COLL","WESTMINSTER","agent_cosmetology_school_leads","barber:30/35; esthetics:44/67"
"seed","ASSOCIATED BARBER COLLEGE OF SAN DIEGO","SAN DIEGO","agent_barber_school_leads","barber:1/1"
"seed","BALDWIN PARK ADULT & COMMUNITY EDUCATION","BALDWIN PARK","agent_barber_school_leads","barber:2/4"
"seed","BAMBOO ADVANCE BEAUTY COLLEGE","SAN LEANDRO","agent_cosmetology_school_leads","barber:0/1; esthetics:5/7"
"seed","BARSTOW COMMUNITY COLLEGE","BARSTOW","agent_barber_school_leads","barber:1/1"
"seed","BELLUS ACADEMY","CHULA VISTA","agent_cosmetology_school_leads","barber:14/23; esthetics:32/39"
"seed","BELLUS ACADEMY","EL CAJON","agent_cosmetology_school_leads","barber:5/8; esthetics:10/13"
"seed","BELLUS ACADEMY","POWAY","agent_cosmetology_school_leads","barber:20/22; esthetics:30/38"
"seed","COBA ACADEMY","ANAHEIM","agent_cosmetology_school_leads","esthetics:0/2; cosmetology:2/4"
"seed","BEYOND 21ST CENTURY BEAUTY ACADEMY","SANTA FE SPRINGS","agent_cosmetology_school_leads","barber:3/4; esthetics:4/5; manicuring:8/12"
"seed","BRIDGES BEAUTY COLLEGE","VICTORVILLE","agent_cosmetology_school_leads","barber:1/2; esthetics:4/4; manicuring:1/1"
"seed","BUTTE COMMUNITY COLLEGE","OROVILLE","agent_cosmetology_school_leads","cosmetology:2/2"
"seed","CALIFORNIA BEAUTY ACADEMY","ORANGE","agent_cosmetology_school_leads","cosmetology:6/7; esthetics:7/8; manicuring:7/9"
"seed","CALIFORNIA COLLEGE OF BARBERING AND COSM","STOCKTON","agent_cosmetology_school_leads","cosmetology:9/12; esthetics:6/8; manicuring:6/7"
"seed","CALIFORNIA COSMETOLOGY ACADEMY","SEASIDE","agent_cosmetology_school_leads","cosmetology:0/1; esthetics:2/2"
"seed","CALIFORNIA HAIR DESIGN ACADEMY","LA MESA","agent_cosmetology_school_leads","cosmetology:5/6; esthetics:3/7"
"seed","CAMPUS","SACRAMENTO","agent_cosmetology_school_leads","cosmetology:12/17"
"seed","CAREER ACADEMY OF BEAUTY","GARDEN GROVE","agent_cosmetology_school_leads","cosmetology:14/17; esthetics:15/19"
"seed","CENTRAL SIERRA ROP SCHOOL OF COSMETOLOGY","EL DORADO","agent_cosmetology_school_leads","cosmetology:6/7"
"seed","CERRITOS COMMUNITY COLLEGE, COSMETOLOGY","NORWALK","agent_cosmetology_school_leads","cosmetology:3/3; esthetics:17/20"
"seed","CINTA AVEDA INSTITUTE SAN JOSE","SAN JOSE","agent_cosmetology_school_leads","cosmetology:1/2; esthetics:5/6"
"seed","CITRUS COLLEGE, COSMETOLOGY DEPARTMENT","GLENDORA","agent_cosmetology_school_leads","cosmetology:25/28; esthetics:15/15"
"seed","CITRUS HEIGHTS BEAUTY COLLEGE","CITRUS HEIGHTS","agent_cosmetology_school_leads","cosmetology:7/10; esthetics:4/5; manicuring:7/8"
"seed","COASTLINE BEAUTY COLLEGE","FOUNTAIN VALLEY","agent_cosmetology_school_leads","cosmetology:7/11; esthetics:3/3; manicuring:12/15"
"seed","COASTLINE BEAUTY COLLEGE","HEMET","agent_cosmetology_school_leads","cosmetology:1/1; esthetics:3/5; manicuring:7/8"
"seed","COLLEGE OF SAN MATEO, COSMETOLOGY DEPART","SAN MATEO","agent_cosmetology_school_leads","cosmetology:10/12"
"seed","COMPTON COLLEGE","COMPTON","agent_cosmetology_school_leads","cosmetology:2/5"
"seed","CONSTILO ACADEMY","PITTSBURG","agent_cosmetology_school_leads","cosmetology:2/2"
"seed","COSMETICA BEAUTY AND BARBERING ACADEMY","DOWNEY","agent_cosmetology_school_leads","cosmetology:2/4; esthetics:2/7; manicuring:1/2"
"seed","COSMO BEAUTY COLLEGE","GARDEN GROVE","agent_cosmetology_school_leads","cosmetology:1/1; esthetics:6/6; manicuring:13/14"
"seed","COSMOTEK COLLEGE","HAYWARD","agent_cosmetology_school_leads","cosmetology:3/5; esthetics:13/15; manicuring:12/17"
"seed","COSMOTEK COLLEGE","SAN JOSE","agent_cosmetology_school_leads","cosmetology:6/11; esthetics:11/15; manicuring:15/29"
"seed","D'LACREME SCHOOL OF COSMETOLOGY AND BARBERING","FAIRFIELD","agent_cosmetology_school_leads","cosmetology:1/1; esthetics:2/3"
"seed","DESIGN'S SCHOOL OF COSMETOLOGY","PASO ROBLES","agent_cosmetology_school_leads","cosmetology:11/13; esthetics:10/10"
"seed","DIAMOND BEAUTY COLLEGE","SOUTH EL MONTE","agent_cosmetology_school_leads","cosmetology:8/8; manicuring:8/9"
"seed","DIVA BEAUTY SCHOOL","SAN JOSE","agent_cosmetology_school_leads","cosmetology:5/6; esthetics:6/8; manicuring:27/38"
"seed","DIVINA COSMETOLOGY & BARBERING ACADEMY","VACAVILLE","agent_cosmetology_school_leads","cosmetology:1/2"
"seed","EAST LOS ANGELES OCCUPATIONAL CENTER","LOS ANGELES","agent_cosmetology_school_leads","cosmetology:3/3"
"seed","EL CAMINO COLLEGE, COSMETOLOGY DEPARTMEN","TORRANCE","agent_cosmetology_school_leads","cosmetology:2/3; esthetics:1/3"
"seed","ELITE COSMETOLOGY SCHOOL","PALM DESERT","agent_cosmetology_school_leads","cosmetology:4/7; esthetics:3/4"
"seed","ESTES INSTITUTE OF COSMETOLOGY ARTS & SC","VISALIA","agent_cosmetology_school_leads","cosmetology:1/2; manicuring:1/2"
"seed","FREMONT BEAUTY COLLEGE","FREMONT","agent_cosmetology_school_leads","cosmetology:2/4; esthetics:1/3; manicuring:4/6"
"seed","FULLERTON COLLEGE, COSMETOLOGY DEPARTMEN","FULLERTON","agent_cosmetology_school_leads","cosmetology:26/35"
"seed","GAVILAN COLLEGE","GILROY","agent_cosmetology_school_leads","cosmetology:12/15"
"seed","GEORGIKOT ACADEMY USA","WOODLAND HILLS","agent_cosmetology_school_leads","cosmetology:1/1; esthetics:2/3; manicuring:3/3"
"seed","GLAMHOUSE BEAUTY ACADEMY","LOS ANGELES","agent_cosmetology_school_leads","cosmetology:1/1; manicuring:1/1"
"seed","GOLDEN WEST COLLEGE","HUNTINGTON BEACH","agent_cosmetology_school_leads","cosmetology:13/17; esthetics:14/14"
"seed","HESPERIA ALTERNATIVE EDUCATION CENTER, C","HESPERIA","agent_cosmetology_school_leads","cosmetology:1/1; manicuring:3/3"
"seed","HILLTOP BEAUTY SCHOOL","DALY CITY","agent_cosmetology_school_leads","cosmetology:3/9; manicuring:6/12"
"seed","HOSS LEE ACADEMY","ROSEVILLE","agent_cosmetology_school_leads","cosmetology:17/18; esthetics:21/23"
"seed","INSTITUTE OF TECHNOLOGY","CLOVIS","agent_cosmetology_school_leads","cosmetology:7/8"
"seed","INTERNATIONAL COLLEGE OF BEAUTY, ARTS &","LOS ANGELES","agent_cosmetology_school_leads","cosmetology:2/2; esthetics:7/7; manicuring:1/1"
"seed","JD ACADEMY OF SALON AND SPA","DANVILLE","agent_cosmetology_school_leads","cosmetology:9/9; esthetics:7/9"
"seed","JLC BEAUTY SCHOOL","CITY OF INDUSTRY","agent_cosmetology_school_leads","cosmetology:9/9; esthetics:2/2; manicuring:8/8"
"seed","KC BEAUTY ACADEMY","LOS ANGELES","agent_cosmetology_school_leads","cosmetology:1/2; esthetics:3/4"
"seed","LANEY COLLEGE","OAKLAND","agent_cosmetology_school_leads","cosmetology:5/6"
"seed","LAWRENCE & COMPANY COLLEGE OF COSMETOLOG","HANFORD","agent_cosmetology_school_leads","cosmetology:1/3; manicuring:6/6"
"seed","LC BEAUTY COLLEGE","UPLAND","agent_cosmetology_school_leads","cosmetology:0/1; manicuring:1/1"
"seed","LEXXUS SCHOOL OF COSMETOLOGY & BARBERING","FAIRFIELD","agent_cosmetology_school_leads","cosmetology:1/1"
"seed","LYLE'S COLLEGE OF BEAUTY","BAKERSFIELD","agent_cosmetology_school_leads","cosmetology:7/9; manicuring:9/10"
"seed","LYLE'S COLLEGE OF BEAUTY","FRESNO","agent_cosmetology_school_leads","cosmetology:4/4; esthetics:2/3; manicuring:4/5"
"seed","LYTLE'S REDWOOD EMPIRE BEAUTY COLLEGE, I","SANTA ROSA","agent_cosmetology_school_leads","cosmetology:2/3; esthetics:6/7"
"seed","MAIQUELA'S COSMETOLOGY ACADEMY","SOUTH GATE","agent_cosmetology_school_leads","cosmetology:1/3; manicuring:0/1"
"seed","MAIQUELA'S COSMETOLOGY ACADEMY","UPLAND","agent_cosmetology_school_leads","cosmetology:1/4; manicuring:1/3"
"seed","MAIQUELA'S COSMETOLOGY ACADEMY","WHITTIER","agent_cosmetology_school_leads","cosmetology:2/4; manicuring:3/5"
"seed","MARINELLO SCHOOL OF BEAUTY","STOCKTON","agent_cosmetology_school_leads","cosmetology:1/1"
"seed","MARMEL BEAUTY ACADEMY","NORTH HOLLYWOOD","agent_cosmetology_school_leads","cosmetology:0/1"
"seed","MOLER COSMETOLOGY COLLEGE, A DIVISION OF","HAYWARD","agent_cosmetology_school_leads","cosmetology:3/5; esthetics:4/5"
"seed","MONARCH BEAUTY ACADEMY","VALENCIA","agent_cosmetology_school_leads","cosmetology:1/2; esthetics:2/2; manicuring:8/8"
"seed","NAPA COSMETOLOGY COLLECTIVE LLC","NAPA","agent_cosmetology_school_leads","cosmetology:3/4; esthetics:4/4; manicuring:2/2"
"seed","NATIONAL COSMETOLOGY BEAUTY SCHOOL","OAKLAND","agent_cosmetology_school_leads","cosmetology:3/8; esthetics:3/4; manicuring:22/40"
"seed","PALOMAR INSTITUTE OF COSMETOLOGY","SAN MARCOS","agent_cosmetology_school_leads","cosmetology:13/15; esthetics:14/18; manicuring:12/16"
"seed","PARIS BEAUTY COLLEGE","CONCORD","agent_cosmetology_school_leads","cosmetology:4/9; esthetics:7/7; manicuring:8/8"
"seed","PASADENA CITY COLLEGE","PASADENA","agent_cosmetology_school_leads","cosmetology:4/5"
"seed","PRINCESS INSTITUTE OF BEAUTY","REEDLEY","agent_cosmetology_school_leads","cosmetology:2/3"
"seed","PROFESSIONAL INSTITUTE OF BEAUTY","EL MONTE","agent_cosmetology_school_leads","cosmetology:6/12"
"seed","PROFESSIONAL SCHOOLS OF BEAUTY, FASHION","RESEDA","agent_cosmetology_school_leads","cosmetology:0/2; esthetics:3/5; manicuring:0/1"
"seed","REGIONAL OCCUPATIONAL CENTER","BAKERSFIELD","agent_cosmetology_school_leads","cosmetology:0/2"
"seed","RIVERSIDE COMMUNITY COLLEGE - COSMETOLOG","RIVERSIDE","agent_cosmetology_school_leads","cosmetology:16/18; esthetics:3/3"
"seed","ROSEMEAD BEAUTY SCHOOL","ROSEMEAD","agent_cosmetology_school_leads","cosmetology:6/7; esthetics:10/10; manicuring:15/17"
"seed","ROSEMEAD BEAUTY SCHOOL, INC.","ROSEMEAD","agent_cosmetology_school_leads","cosmetology:0/1"
"seed","RTC COLLEGE","JURUPA VALLEY","agent_cosmetology_school_leads","cosmetology:2/2; esthetics:1/5; manicuring:4/6"
"seed","SACRAMENTO CITY COLLEGE, COSMETOLOGY DEP","SACRAMENTO","agent_cosmetology_school_leads","cosmetology:4/6; manicuring:1/1"
"seed","SALINAS BEAUTY COLLEGE","SALINAS","agent_cosmetology_school_leads","cosmetology:1/1"
"seed","SALON PROFESSIONAL ACADEMY SAN JOSE","SAN JOSE","agent_cosmetology_school_leads","cosmetology:8/11; esthetics:7/9"
"seed","SALON SUCCESS ACADEMY","CORONA","agent_cosmetology_school_leads","cosmetology:10/10; esthetics:17/20"
"seed","SALON SUCCESS ACADEMY","FONTANA","agent_cosmetology_school_leads","cosmetology:5/6"
"seed","SALON SUCCESS ACADEMY","REDLANDS","agent_cosmetology_school_leads","cosmetology:14/15; esthetics:14/15; manicuring:1/1"
"seed","SALON SUCCESS ACADEMY","WEST COVINA","agent_cosmetology_school_leads","cosmetology:2/3; esthetics:3/4; manicuring:1/1"
"seed","SAN JOSE CITY COLLEGE","SAN JOSE","agent_cosmetology_school_leads","cosmetology:13/14; esthetics:14/17"
"seed","SANTA BARBARA CITY COLLEGE COSMETOLOGY A","SANTA BARBARA","agent_cosmetology_school_leads","cosmetology:16/22; esthetics:12/13"
"seed","SANTA CLARA BEAUTY COLLEGE","SANTA CLARA","agent_cosmetology_school_leads","cosmetology:3/4; esthetics:1/1; manicuring:1/1"
"seed","SAVVY BEAUTY ACADEMY","INGLEWOOD","agent_cosmetology_school_leads","cosmetology:1/3; esthetics:10/12; manicuring:3/4"
"seed","SKYLINE COMMUNITY COLLEGE, COSMOTOLOGY D","SAN BRUNO","agent_cosmetology_school_leads","cosmetology:10/12; esthetics:6/7"
"seed","SOLANO COMMUNITY COLLEGE, COSMETOLOGY DE","FAIRFIELD","agent_cosmetology_school_leads","cosmetology:1/1; manicuring:5/5"
"seed","SONORA UNION HIGH SCHOOL, ROP COSMETOLOG","SONORA","agent_cosmetology_school_leads","cosmetology:4/9"
"seed","SOUTHERN CALIFORNIA REGIONAL OCCUPATIONA","TORRANCE","agent_cosmetology_school_leads","cosmetology:6/6"
"seed","SUTTER COUNTY CAREER TRAINING CENTER","YUBA CITY","agent_cosmetology_school_leads","cosmetology:3/4"
"seed","TEMPLE CITY BEAUTY COLLEGE","TEMPLE CITY","agent_cosmetology_school_leads","cosmetology:4/7; esthetics:3/4"
"seed","THANH LE COLLEGE, SCHOOL OF COSMETOLOGY","GARDEN GROVE","agent_cosmetology_school_leads","cosmetology:1/2; esthetics:1/1; manicuring:5/8"
"seed","TRI-COMMUNITY ADULT EDUCATION","COVINA","agent_cosmetology_school_leads","cosmetology:2/3"
"seed","VR PROFESSIONAL BEAUTY ACADEMY","CITY OF INDUSTRY","agent_cosmetology_school_leads","cosmetology:24/28; esthetics:7/11; manicuring:9/12"
"seed","AMERICAN INSTITUTE OF EDUCATION","TUSTIN","agent_cosmetology_school_leads","cosmetology:0/2"
"seed","CALIFORNIA ELECTROLOGY ACADEMY","CORONA","agent_cosmetology_school_leads","cosmetology:5/12"
"seed","MONTEREY BAY INSTITUTE OF ELECTROLOGY","MONTEREY","agent_cosmetology_school_leads","cosmetology:11/12"
"seed","1ST ACADEMY OF BEAUTY","ROSEMEAD","agent_cosmetology_school_leads","cosmetology:1/1; esthetics:22/26"
"seed","ADRIAN'S BEAUTY COLLEGE OF TRACY","TRACY","agent_cosmetology_school_leads","esthetics:2/3"
"seed","DALLAS SKIN INSTITUTE","SANTA MONICA","agent_cosmetology_school_leads","esthetics:1/1"
"seed","DOWNEY ADULT SCHOOL","DOWNEY","agent_cosmetology_school_leads","esthetics:5/9"
"seed","FEDERICO COLLEGE, INC.","FRESNO","agent_cosmetology_school_leads","esthetics:0/1"
"seed","JADE BEAUTY AND BARBER COLLEGE","SAN JOSE","agent_cosmetology_school_leads","esthetics:3/4; manicuring:9/10"
"seed","LAWRENCE & COMPANY COLLEGE OF COSMETOLOG","SELMA","agent_cosmetology_school_leads","esthetics:1/1; manicuring:0/1"
"seed","MARINELLO SCHOOL OF BEAUTY","MURRIETA","agent_cosmetology_school_leads","esthetics:1/1"
"seed","PACIFIC STYLING COLLEGE","SANTA ANA","agent_cosmetology_school_leads","esthetics:2/2"
"seed","REDONDO BEACH BEAUTY COLLEGE","TORRANCE","agent_cosmetology_school_leads","esthetics:1/1; manicuring:10/13"
"seed","SAN DIEGO CITY COLLEGE, COSMETOLOGY DEPA","SAN DIEGO","agent_cosmetology_school_leads","esthetics:8/9; manicuring:9/9"
"seed","VICTORY CAREER COLLEGE","CARSON","agent_cosmetology_school_leads","esthetics:2/2; manicuring:2/2"
"seed","DANCKUTS INSTITUTE OF HAIR","LAGUNA HILLS","agent_cosmetology_school_leads","esthetics:2/2"
"seed","ABRAM FRIEDMAN OCCUPATIONAL CENTER, LOS","LOS ANGELES","agent_cosmetology_school_leads","esthetics:4/6"
"seed","BELLFLOWER BEAUTY COLLEGE OF LAKEWOOD","LAKEWOOD","agent_cosmetology_school_leads","esthetics:1/1"
"seed","COASTLINE BEAUTY COLLEGE","GARDEN GROVE","agent_cosmetology_school_leads","manicuring:3/3"