query,clicks,impressions,ctr,position
"aveda institute",0,277,0.00,52.1
"aveda school",0,210,0.00,35.7
"all about beauty academy",0,206,0.00,7.6
"aveda cosmetology school",0,135,0.00,51.2
"aveda institute houston",0,118,0.00,8.3
"arlington beauty college",1,111,0.90,7.3
"collectiv academy fort worth",0,87,0.00,9.8
"dfw skin institute",0,84,0.00,10.3
"sloan beauty school",0,78,0.00,8.2
"le chic beauty academy",0,75,0.00,9.1
"milan institute plano",0,75,0.00,9.6
"capelli barber college",0,74,0.00,6.6
"heb barber academy",0,73,0.00,9.5
"aveda beauty school",0,70,0.00,41.9
"l&l beauty institute",0,68,0.00,6.9
"lubbock hair academy",0,68,0.00,8.9
"milan institute denton",0,66,0.00,10.5
"ogle school stafford",0,66,0.00,8.8
"williams barber college",0,66,0.00,9.5
"colour beauty school",0,63,0.00,7.4
"hair expressions barber school",0,61,0.00,8.8
"32 degrees",0,58,0.00,4.8
"coastal bend college pleasanton",0,55,0.00,9.7
"ogle school willowbrook",0,55,0.00,10.1
"vogue college of cosmetology",1,53,1.89,11.0
"enstyle beauty academy",0,52,0.00,6.4
"eyes on me barber college",1,51,1.96,4.6
"argyle league",0,51,0.00,9.2
"lash boss university",0,51,0.00,8.4
"riva cosmetology",0,51,0.00,8.3
"legacy beauty academy",0,50,0.00,9.0
"boss nail academy",0,49,0.00,6.1
"eyes on me advanced barber college",0,49,0.00,5.5
"riva institute of cosmetology",0,49,0.00,7.2
"nuvani institute",0,48,0.00,12.8
"allstar beauty college",0,47,0.00,8.0
"beauty models school",0,47,0.00,4.3
"pulse academy",0,47,0.00,4.7
"meraki institute",0,46,0.00,6.9
"most high barber college",0,46,0.00,7.5
"the salon professional academy whitehouse reviews",0,46,0.00,10.9
"glam beauty academy",0,45,0.00,12.1
"baytown beauty & barber college",0,44,0.00,8.4
"clio professionals beauty school",0,44,0.00,5.3
"william edge institute",0,44,0.00,8.2
"bonjout beauty",0,43,0.00,5.6
"brighton barber institute",0,43,0.00,7.9
"the pulse academy",0,43,0.00,4.5
"ucas brownsville",0,43,0.00,8.0
"bl cosmetology school",0,42,0.00,9.8
"collective academy fort worth",0,42,0.00,11.7
"mei barber school",0,42,0.00,6.5
"next top barber academy",0,42,0.00,7.7
"cut and shave barber college",0,40,0.00,9.4
"milan institute",0,40,0.00,8.3
"west texas barber academy",0,40,0.00,7.5
"acres homes barber college",0,39,0.00,8.2
"bronx barber college",0,39,0.00,8.0
"white elm wellness institute",0,39,0.00,8.5
"xtreme beauty academy",0,39,0.00,5.7
"epcc cosmetology",2,38,5.26,8.0
"249 beauty college",0,38,0.00,8.7
"caviar academy",0,38,0.00,7.0
"behind the chair institute",0,37,0.00,7.6
"the strand institute",0,37,0.00,6.8
"united beauty college",0,36,0.00,9.3
"boss nail academy richardson",0,35,0.00,5.3
"lush esthetics institute",0,35,0.00,10.2
"mei academy of cosmetology",0,35,0.00,8.0
"mod and black academy",0,35,0.00,5.7
"career schools of texas dallas",0,34,0.00,5.4
"school enstyle beauty academy",0,34,0.00,3.4
"tdlr exam results",0,34,0.00,59.5
"adia beauty college",0,33,0.00,7.5
"williams barber college fort worth",0,33,0.00,10.0
"abes fades",0,32,0.00,7.1
"beauty kulture",0,32,0.00,7.4
"hollywood beauty school",0,32,0.00,5.7
"ibeauty academy",0,32,0.00,4.8
"vs vogue beauty academy",0,32,0.00,8.2
"xotic barber academy",0,32,0.00,8.5
"lee college cosmetology",1,31,3.23,10.4
"jackson barber college",0,31,0.00,6.9
"tres barber institute",0,31,0.00,10.8
"abilene barber academy",0,30,0.00,7.2
"georgetown hair school",0,30,0.00,8.6
"royalty lash academy",0,30,0.00,7.4
"upscale barber academy",3,29,10.34,8.8
"rio men barber school",1,29,3.45,2.6
"wade gordon hairdressing academy reviews",1,29,3.45,7.7
"heights beauty college",0,29,0.00,7.8
"the men barber school",0,29,0.00,6.4
"versatile barber and beauty academy",0,29,0.00,8.6
"victoria cosmetology school",0,29,0.00,6.4
"all about beauty academy reviews",0,28,0.00,10.3
"establishment license",0,28,0.00,21.3
"invictus career college",0,28,0.00,7.3
"ivy beauty institute",0,28,0.00,8.3
"milan institute - houston reviews",0,28,0.00,9.2
"you me beauty school",0,28,0.00,7.8
"bloom beauty academy",0,27,0.00,7.3
"brazen beauty academy",0,27,0.00,7.0
"chi cosmetology school",0,27,0.00,8.1
"cultural technical institute llc cti reviews",0,27,0.00,5.8
"empire hair institute",0,27,0.00,6.8
"sloan beauty academy",0,27,0.00,6.5
"acres home barber college",0,26,0.00,3.9
"aveda arts & sciences institute houston",0,26,0.00,8.5
"collectiv academy",0,26,0.00,12.7
"deluxe barber college",0,26,0.00,9.4
"man barbershop academy",0,26,0.00,5.5
"878 barber school",1,25,4.00,8.8
"dallas blends barber academy garland",0,25,0.00,14.6
"dallas skin institute austin",0,25,0.00,8.9
"milan institute of cosmetology denton",0,25,0.00,10.5
"mogo salon academy",0,25,0.00,9.2
"the beauty point academy",0,25,0.00,8.3
"a&m barber academy",0,24,0.00,9.9
"cultural technical institute",0,24,0.00,5.3
"exclusive barber academy",0,24,0.00,9.0
"ogle school fort worth",0,24,0.00,9.1
"texas fadez barber college",0,24,0.00,8.8
"whitehouse cosmetology school",0,24,0.00,8.3
"barber school near me",1,23,4.35,3.9
"bella beauty college waco",0,23,0.00,8.1
"face it beauty school",0,23,0.00,6.6
"latin america beauty school",0,23,0.00,9.2
"professional skin care academy",0,23,0.00,16.8
"torito and liza beauty academy",0,23,0.00,5.5
"trendz barber academy",0,23,0.00,15.9
"academy of aesthetics and laser",0,22,0.00,8.4
"avenue five institute austin reviews",0,22,0.00,11.1
"chi lonestar",0,22,0.00,7.9
"dallas skin institute amarillo",0,22,0.00,7.1
"gulf coast barber college",0,22,0.00,9.6
"immaculate cut barber institute",0,22,0.00,8.1
"kalibur barber college",0,22,0.00,7.7
"midland college cosmetology",0,22,0.00,10.6
"milan institute of cosmetology - plano",0,22,0.00,9.3
"tdlr nail salon requirements",0,22,0.00,22.7
"texas fadez barber college oak cliff",0,22,0.00,11.0
"the premium barber academy",0,22,0.00,7.7
"the salon professional academy georgetown reviews",0,22,0.00,10.9
"barber school edinburg tx",0,21,0.00,10.3
"bgm science of beauty and business",0,21,0.00,7.4
"bonjour beauty university",0,21,0.00,4.0
"clarendon college amarillo",0,21,0.00,8.2
"dallas career academy",0,21,0.00,6.9
"dooney's barber and beauty academy",0,21,0.00,12.1
"elle's beauty academy",0,21,0.00,8.8
"epic barber school",0,21,0.00,9.5
"illumination barber school",0,21,0.00,6.4
"mini establishment license texas",0,21,0.00,21.5
"ogle school willowbrook reviews",0,21,0.00,7.5
"aveda institute austin",0,20,0.00,9.3
"college of the mainland cosmetology",0,20,0.00,6.2
"deluxe barber college austin",0,20,0.00,9.3
"flavous beauty academy",0,20,0.00,8.8
"fort bend barber college",0,20,0.00,9.6
"golden touch academy",0,20,0.00,7.9
"grahams barber college",0,20,0.00,7.8
"trimsetters barber academy",1,19,5.26,4.9
"allure academy",0,19,0.00,8.1
"aveda arts & sciences institute dallas reviews",0,19,0.00,9.8
"avenue 5 institute",0,19,0.00,14.2
"barber school mckinney",0,19,0.00,9.1
"cosmetology school huntsville tx",0,19,0.00,10.0
"fademasterz barber academy",0,19,0.00,8.6
"km beauty and barber institute",0,19,0.00,9.2
"mikes barber school",0,19,0.00,9.0
"ogle school - beauty and cosmetology (san antonio) reviews",0,19,0.00,11.1
"ogle willowbrook",0,19,0.00,9.8
"southwest barber institute",0,19,0.00,13.3
"top barber academy",0,19,0.00,8.2
"oz barber and piercing academy",1,18,5.56,8.0
"barber college on bellfort",0,18,0.00,9.1
"bgm science of beauty",0,18,0.00,7.5
"katy esthetician academy",0,18,0.00,7.2
"mca skin care academy",0,18,0.00,7.6
"mei cosmetology",0,18,0.00,6.3
"premier barber school",0,18,0.00,10.7
"ranger cosmetology school",0,18,0.00,7.0
"south plains college cosmetology",0,18,0.00,11.3
"the argyle league",0,18,0.00,9.8
"bladesmith barber college",1,17,5.88,7.5
"align beauty school",0,17,0.00,8.2
"all about beauty academy plano",0,17,0.00,8.0
"chop it up barber college",0,17,0.00,9.1
"htx cuts",0,17,0.00,6.9
"instituto de belleza y arte",0,17,0.00,10.1
"milan cosmetology",0,17,0.00,10.9
"riva institute of cosmetology reviews",0,17,0.00,10.5
"sleeping beauty lash institute & salon llc",0,17,0.00,9.1
"sol barber and styling academy",0,17,0.00,8.4
"aveda nail school",0,16,0.00,52.2
"epic barber college",0,16,0.00,9.6
"hair expressions barber school reviews",0,16,0.00,8.6
"houston training schools",0,16,0.00,17.8
"jn beauty college",0,16,0.00,6.8
"lashing out ink academy",0,16,0.00,9.8
"made men",0,16,0.00,1.0
"most high barber college san antonio",0,16,0.00,6.9
"ogle school - beauty and cosmetology (houston/stafford)",0,16,0.00,8.5
"pipo barber college",0,16,0.00,8.9
"progress beauty college",0,16,0.00,6.8
"pulse academy pittsburg tx",0,16,0.00,6.1
"spc cosmetology",0,16,0.00,7.1
"tdlr test results",0,16,0.00,59.9
"vxo beauty academy reviews",0,16,0.00,10.5
"wichita falls barber academy",0,16,0.00,10.5
"89 beauty school",0,15,0.00,10.5
"anngee's barber academy",0,15,0.00,7.5
"aveda school austin",0,15,0.00,8.4
"avenue five institute",0,15,0.00,22.3
"barber school denton",0,15,0.00,10.3
"beauty school whitehouse tx",0,15,0.00,8.7
"bella cosmetology and barber college greenville reviews",0,15,0.00,7.1
"coastal bend pleasanton tx",0,15,0.00,10.5
"esthetician school in amarillo",0,15,0.00,32.5
"glam beauty academy midland",0,15,0.00,9.5
"glam beauty academy midland tx",0,15,0.00,7.8
"gnu beauty institute",0,15,0.00,7.3
"l makeup institute southlake",0,15,0.00,14.3
"lester beauty academy",0,15,0.00,7.1
"southern fades reviews",0,15,0.00,4.7
"texas cosmetology license",0,15,0.00,34.7
"the hair academy",0,15,0.00,4.3
"wild boar barbershop",0,15,0.00,10.9
"cosmetology school",1,14,7.14,9.3
"all around barber school",0,14,0.00,9.5
"barber college on lancaster road",0,14,0.00,11.3
"barber school el paso",0,14,0.00,36.7
"beauty schools sugar land",0,14,0.00,13.4
"boardroom heights",0,14,0.00,9.9
"bonafide haircut bar",0,14,0.00,6.9
"caviar academy of cosmetology",0,14,0.00,6.9
"clio beauty school",0,14,0.00,1.0
"cosmetology school katy",0,14,0.00,8.4
"design beauty college reviews",0,14,0.00,10.9
"duvalls",0,14,0.00,7.3
"hands on approach",0,14,0.00,9.4
"impact barber academy",0,14,0.00,7.2
"ivy beauty institute frisco",0,14,0.00,9.2
"mancave cutz",0,14,0.00,9.1
"mannequin beauty school",0,14,0.00,9.4
"maverick barber school",0,14,0.00,9.9
"mike's barber school",0,14,0.00,8.1
"nail tech school sugar land",0,14,0.00,10.9
"nova career institute el paso",0,14,0.00,8.1
"ogle school houston",0,14,0.00,11.6
"paul mitchell school",0,14,0.00,15.5
"salon boutique academy reviews",0,14,0.00,11.4
"tdlr cosmetology license",0,14,0.00,33.5
"top secret beauty spa & academy",0,14,0.00,7.6
"versatile barber & beauty academy",0,14,0.00,8.5
"what is the application fee for a mini salon license",0,14,0.00,55.9
"wild boars barbershop reviews",0,14,0.00,10.3
"william barber college",0,14,0.00,10.2
"ogle beauty school",1,13,7.69,10.3
"allure academy henderson tx",0,13,0.00,7.2
"beauty point academy",0,13,0.00,9.6
"beauty schools in waco texas",0,13,0.00,26.1
"cosmetology schools in sugar land tx",0,13,0.00,13.8
"divizion barber co",0,13,0.00,10.4
"empire beauty academy paris tx",0,13,0.00,7.6
"esthetician schools in sugar land tx",0,13,0.00,18.9
"franklin barber institute",0,13,0.00,8.7
"hair schools in sugar land",0,13,0.00,11.3
"image academy reviews",0,13,0.00,9.0
"melluzi academy",0,13,0.00,9.8
"mesa barber college",0,13,0.00,10.0
"mystros barber academy reviews",0,13,0.00,4.5
"pathway vocational academy",0,13,0.00,10.9
"paul mitchell barber school",0,13,0.00,11.2
"private school services carrollton tx",0,13,0.00,28.3
"shampoo license texas",0,13,0.00,28.4
"smokin’ mirrors barbershop reviews",0,13,0.00,9.7
"sugar land hair school",0,13,0.00,12.6
"texas cosmetology license requirements",0,13,0.00,41.8
"whitehouse beauty school",0,13,0.00,8.4
"ys academy",0,13,0.00,5.6
"ys cosmetology academy reviews",0,13,0.00,8.2
"5 star barber academy",0,12,0.00,5.6
"arlington beauty school",0,12,0.00,22.1
"beauty and barber blade market",0,12,0.00,7.9
"beauty school sugar land",0,12,0.00,14.2
"behx beauty school",0,12,0.00,8.4
"bellagio beauty school",0,12,0.00,8.7
"boss nail academy richardson tx",0,12,0.00,5.3
"cosmetology school groveton",0,12,0.00,5.7
"d lash architect",0,12,0.00,9.7
"dapper g barber college",0,12,0.00,8.8
"devida lash academy",0,12,0.00,4.5
"ebony essence school of hair design",0,12,0.00,10.0
"elite beauty academy",0,12,0.00,9.7
"enstyle academy",0,12,0.00,4.3
"expert barber beauty school mckinney",0,12,0.00,7.7
"fade em all barber college",0,12,0.00,5.6
"glam beauty academy odessa",0,12,0.00,9.7
"grayson county college cosmetology",0,12,0.00,7.7
"houston school of esthetics and massage",0,12,0.00,6.3
"jays barber college",0,12,0.00,5.6
"kalon beauty institute",0,12,0.00,4.4
"mankind barbers",0,12,0.00,9.8
"master barbers institute",0,12,0.00,9.5
"mod and black odessa tx",0,12,0.00,8.8
"nail school in sugar land texas",0,12,0.00,15.2
"ogle hair school houston",0,12,0.00,7.1
"shear genius barber school",0,12,0.00,3.1
"sugar land cosmetology school",0,12,0.00,10.7
"sugar land texas cosmetology schools",0,12,0.00,12.7
"texas college of cosmetology reviews",0,12,0.00,10.8
"texas fadez barber school",0,12,0.00,8.8
"the mans chair",0,12,0.00,10.8
"united beauty college carrollton tx",0,12,0.00,9.6
"what is the application fee for a mini salon license?",0,12,0.00,60.7
"william edge school",0,12,0.00,8.3
"ys academy cosmetology",0,12,0.00,7.0
"ys cosmetology academy",0,12,0.00,8.3
"premium barber academy",1,11,9.09,7.2
"abesfades",0,11,0.00,6.4
"baldwin beauty school",0,11,0.00,17.1
"barber school corpus christi",0,11,0.00,10.6
"barbering school el paso",0,11,0.00,46.1
"beauty pro university",0,11,0.00,8.8
"bella bonded amarillo",0,11,0.00,7.9
"belleza cantu",0,11,0.00,7.1
"champions barber and beauty academy reviews",0,11,0.00,9.5
"clarendon college childress tx",0,11,0.00,8.5
"clarendon college pampa",0,11,0.00,8.5
"clarendon cosmetology school amarillo tx",0,11,0.00,8.6
"collectiv academy (fort worth)",0,11,0.00,9.4
"cosmetology college el paso",0,11,0.00,43.7
"cosmetology school odessa tx",0,11,0.00,12.8
"cosmetology school sugar land",0,11,0.00,14.4
"cosmetology school sugar land texas",0,11,0.00,12.4
"cosmetology school waxahachie",0,11,0.00,9.2
"cosmetology schools in sugar land",0,11,0.00,14.9
"cosmetology schools sugar land",0,11,0.00,12.5
"cosmetology schools sugar land tx",0,11,0.00,14.5
"d luz beauty academy | esthetician school houston",0,11,0.00,7.5
"darly new face academy",0,11,0.00,7.8
"dfw skin institute reviews",0,11,0.00,10.9
"esthetician school katy",0,11,0.00,23.1
"eyes on me barber school",0,11,0.00,5.2
"glam studio salon",0,11,0.00,37.8
"hair academy",0,11,0.00,7.3
"hair school georgetown tx",0,11,0.00,7.9
"hair schools in sugar land texas",0,11,0.00,15.0
"immaculate cut",0,11,0.00,8.7
"laila's beauty studio reviews",0,11,0.00,9.5
"lonestar cosmetology",0,11,0.00,7.2
"nail tech schools in sugar land",0,11,0.00,11.8
"next top barber",0,11,0.00,4.6
"next up barber studio reviews",0,11,0.00,9.9
"nuvani institute eagle pass",0,11,0.00,7.9
"nuvani institute uvalde",0,11,0.00,7.2
"ogle san antonio",0,11,0.00,16.2
"ogle school - beauty and cosmetology (north houston - willowbrook) reviews",0,11,0.00,8.7
"r&c beauty college",0,11,0.00,4.6
"riverside barber school",0,11,0.00,8.2
"sleeping beauty lash institute salon llc",0,11,0.00,9.8
"sugar land cosmetology schools",0,11,0.00,15.2
"the salon professional academy whitehouse",0,11,0.00,8.9
"united beauty school",0,11,0.00,9.2
"bessemer beauty college",1,10,10.00,7.7
"mcc cosmetology",1,10,10.00,6.1
"a&m barber academy fort worth",0,10,0.00,10.4
"additional requirements for a mobile shop license include:",0,10,0.00,9.3
"alexander and broderick barbershop houston reviews",0,10,0.00,5.3
"american beauty school houston",0,10,0.00,11.2
"art of barber academy",0,10,0.00,10.9
"avenue five institute austin",0,10,0.00,15.3
"barber school brownsville tx",0,10,0.00,6.4
"beauty college arlington tx",0,10,0.00,25.0
"beauty school in sugar land",0,10,0.00,12.2
"beauty school sugar land tx",0,10,0.00,12.8
"beauty schools in sugar land texas",0,10,0.00,16.2
"big choice barber shop",0,10,0.00,7.5
"community barber school",0,10,0.00,9.3
"cosmetology colleges in sugar land texas",0,10,0.00,14.3
"cosmetology program groveton",0,10,0.00,11.3
"cosmetology school mesquite tx",0,10,0.00,12.0
"cosmetology school near me",0,10,0.00,6.6
"cosmetology schools in sugar land texas",0,10,0.00,13.7
"d lash architect reviews",0,10,0.00,7.0
"diamond beauty academy",0,10,0.00,6.2
"esthetician school sugar land texas",0,10,0.00,22.0
"esthetician school sugar land tx",0,10,0.00,24.7
"esti project",0,10,0.00,4.5
"franklin barber institute #2",0,10,0.00,16.1
"graham's barber college",0,10,0.00,8.7
"hair academy lubbock",0,10,0.00,6.4
"lbl beauty academy",0,10,0.00,8.2
"made men barbershop",0,10,0.00,1.0
"meraki institute of beauty and wellness",0,10,0.00,5.9
"milan plano",0,10,0.00,9.3
"modern barber and beauty institute reviews",0,10,0.00,8.9
"next top barber academy photos",0,10,0.00,8.8
"nuvani",0,10,0.00,12.6
"ogle denton",0,10,0.00,12.3
"ogle school - beauty and cosmetology (central dallas)",0,10,0.00,9.1
"olga beauty school",0,10,0.00,9.2
"requirements for cosmetology license in texas",0,10,0.00,44.2
"salon professional academy san antonio",0,10,0.00,14.9
"shimaa academy",0,10,0.00,7.3
"sol the barber",0,10,0.00,10.2
"state barber and cosmetology school",0,10,0.00,10.8
"the beauty pro university",0,10,0.00,9.1
"trendsetters",0,10,0.00,9.0
"williams edge school",0,10,0.00,6.8
"+1 (214) 821-0819",0,9,0.00,8.8
"360 beauty academy",0,9,0.00,7.9
"all about beauty academy photos",0,9,0.00,9.7
"an establishment that is attached to a residence must have an _________ that is separate and distinct from the residential entrance.",0,9,0.00,10.7
"aveda hair school austin",0,9,0.00,8.1
"aveda school houston",0,9,0.00,8.6
"barber college near me",0,9,0.00,4.9
"barber life academy",0,9,0.00,8.3
"barber school midland tx",0,9,0.00,8.8
"bau barber",0,9,0.00,10.3
"bau's barber shop houston reviews",0,9,0.00,6.3
"beauty kulture academy reviews",0,9,0.00,10.9
"bella beauty college",0,9,0.00,7.6
"boardroom galleria",0,9,0.00,7.1
"caballeros barber shop",0,9,0.00,9.3
"caprock school of cosmetology",0,9,0.00,8.4
"caviar lubbock",0,9,0.00,6.1
"color beauty school",0,9,0.00,5.6
"cosmetology school port arthur tx",0,9,0.00,10.0
"dacs academy",0,9,0.00,5.0
"dallas barber college arlington tx",0,9,0.00,8.9
"el pipo barber college",0,9,0.00,9.4
"elite cosmetology",0,9,0.00,11.1
"elles beauty academy",0,9,0.00,7.9
"empower health and aesthetic institute",0,9,0.00,8.3
"exposito school of hair design",0,9,0.00,6.6
"golden edge barbershop reviews",0,9,0.00,7.8
"hands on approach school of massage and spa",0,9,0.00,9.6
"houston barber shop online marketing",0,9,0.00,28.6
"lbl academy",0,9,0.00,8.6
"ll beauty institute",0,9,0.00,7.3
"makeup schools in sugar land",0,9,0.00,22.2
"master barber institute",0,9,0.00,9.1
"mid cities barber college",0,9,0.00,9.3
"monterrey barber shop telephone rd",0,9,0.00,8.1
"nuvani institute austin",0,9,0.00,8.1
"ogle school - beauty and cosmetology (san antonio)",0,9,0.00,10.4
"ogle school san antonio",0,9,0.00,12.3
"paul mitchell barber school san antonio",0,9,0.00,15.4
"paul mitchell school webster",0,9,0.00,12.9
"paul mitchell the school clear lake photos",0,9,0.00,9.8
"paul mitchell webster",0,9,0.00,10.6
"pearland beauty and barber college",0,9,0.00,8.9
"permian basin barber college",0,9,0.00,8.2
"ranger cosmetology",0,9,0.00,7.0
"remington beauty school",0,9,0.00,19.3
"remington cosmetology school",0,9,0.00,13.0
"swl institute",0,9,0.00,5.1
"the shimaa academy",0,9,0.00,7.6
"vogue cosmetology",0,9,0.00,9.9
"barber school",1,8,12.50,3.0
"amenti beauty academy",0,8,0.00,9.1
"barber college lancaster rd dallas tx",0,8,0.00,11.1
"barber school rosenberg tx",0,8,0.00,7.8
"beauty academy sugar land",0,8,0.00,16.5
"beauty school baytown",0,8,0.00,13.5
"bloom academy",0,8,0.00,8.0
"boardroom heights reviews",0,8,0.00,11.0
"boardroom vintage park",0,8,0.00,10.0
"boss nail academy wylie",0,8,0.00,9.8
"brazen beauty academy san antonio",0,8,0.00,6.9
"cosmetology school allen tx",0,8,0.00,11.1
"cosmetology school arlington tx",0,8,0.00,29.3
"cosmetology school georgetown tx",0,8,0.00,8.3
"cosmetology school whitehouse tx",0,8,0.00,8.0
"coursemax",0,8,0.00,7.0
"couture beauty academy",0,8,0.00,9.4
"dallas beauty and barber academy",0,8,0.00,6.8
"dapper g barber school",0,8,0.00,10.1
"elegance barber & styling academy",0,8,0.00,8.5
"enstyle beauty academy reviews",0,8,0.00,5.9
"esthetician school",0,8,0.00,5.4
"graduate america garland",0,8,0.00,9.0
"graham barber college",0,8,0.00,9.3
"how to become a nail tech in texas",0,8,0.00,71.4
"its academy of beauty",0,8,0.00,6.0
"jd cuts reviews",0,8,0.00,8.9
"lash habit academy",0,8,0.00,7.8
"man cave cutz",0,8,0.00,9.4
"milan institute san antonio south",0,8,0.00,9.4
"mod and black",0,8,0.00,10.0
"nail school",0,8,0.00,10.3
"paul mitchell san antonio",0,8,0.00,18.4
"quality barber college",0,8,0.00,7.1
"southern comfort barber shop",0,8,0.00,9.0
"sugar land beauty school",0,8,0.00,11.3
"tdlr cosmetology",0,8,0.00,31.3
"texas requirements for cosmetology license",0,8,0.00,37.9
"the argyle league reviews",0,8,0.00,6.1
"the lash room academy",0,8,0.00,7.0
"the strand institute of beauty & esthetics",0,8,0.00,8.5
"tri state school",0,8,0.00,6.3
"true lux barber",0,8,0.00,3.5
"university of cosmetology",0,8,0.00,44.0
"vogue college",0,8,0.00,5.6
"vogue college of cosmetology locations",0,8,0.00,11.8
"wild boars barbershop",0,8,0.00,9.0
"barber school round rock",1,7,14.29,9.7
"bgm science of beauty and business reviews",1,7,14.29,8.3
"2854 34th st lubbock tx",0,7,0.00,8.6
"360 degrees beauty academy #1",0,7,0.00,9.7
"360 degrees beauty academy #1 reviews",0,7,0.00,9.9
"a plus beauty academy",0,7,0.00,8.1
"alexander and broderick barbershop",0,7,0.00,6.3
"aveda arts",0,7,0.00,10.4
"aveda arts & sciences institute austin",0,7,0.00,9.0
"aveda cosmetology",0,7,0.00,23.4
"avenue 5 beauty school",0,7,0.00,17.3
"barber school garland tx",0,7,0.00,19.1
"beauty kulture academy",0,7,0.00,8.0
"beauty school whitehouse",0,7,0.00,10.3
"bellezza cantu skincare institute",0,7,0.00,8.3
"capelli beauty and barber college",0,7,0.00,6.9
"clarendon college cosmetology",0,7,0.00,8.6
"cosmetology school sugar land tx",0,7,0.00,13.1
"cosmetology school wichita falls",0,7,0.00,6.9
"cosmetology schools in midland texas",0,7,0.00,45.3
"dallas blends barber academy",0,7,0.00,13.7
"diamond beauty",0,7,0.00,5.7
"epcc cosmetology program",0,7,0.00,8.1
"esthetician school whitehouse",0,7,0.00,10.1
"fade em all barbershop",0,7,0.00,12.0
"fade fellas barber school",0,7,0.00,9.9
"faded culture academy",0,7,0.00,11.4
"flavous beauty academy reviews",0,7,0.00,11.3
"house of elegance",0,7,0.00,6.0
"kintanas",0,7,0.00,9.0
"lamar port arthur cosmetology",0,7,0.00,7.6
"laredo chi academy",0,7,0.00,9.3
"laredo chi academy reviews",0,7,0.00,11.0
"m&j beauty academy - escuela de cosmetologia dallas",0,7,0.00,4.1
"makeup artistry school in southlake",0,7,0.00,15.6
"milan institute houston",0,7,0.00,10.3
"mtb barber academy",0,7,0.00,6.6
"nail tech school tyler tx",0,7,0.00,11.9
"nuvani institute del rio tx",0,7,0.00,8.0
"oz barber and piercing academy photos",0,7,0.00,9.3
"ranger college cosmetology",0,7,0.00,11.0
"rio men",0,7,0.00,1.0
"riverside barber and beauty institute reviews",0,7,0.00,6.3
"salon professional academy whitehouse",0,7,0.00,10.1
"signature beauty school",0,7,0.00,5.0
"south plains cosmetology",0,7,0.00,9.0
"texas barber university",0,7,0.00,9.1
"texas beauty college",0,7,0.00,1.0
"texas cosmetology practical exam kit list",0,7,0.00,28.4
"the hair academy photos",0,7,0.00,5.6
"the pulse academy pittsburg tx",0,7,0.00,5.7
"top of the line barber school",0,7,0.00,7.7
"trendz academy",0,7,0.00,18.9
"v's barbershop eldridge",0,7,0.00,10.4
"vogue cosmetology school",0,7,0.00,12.0
"white house cosmetology room",0,7,0.00,7.0
"rm barber-cosmetology school lockhart",1,6,16.67,4.7
"691 e business 77 san benito tx 78586",0,6,0.00,7.3
"7765 9th ave port arthur tx",0,6,0.00,10.3
"advanced beauty academy",0,6,0.00,8.2
"aveda institute san antonio",0,6,0.00,18.5
"aveda school san antonio",0,6,0.00,17.7
"beauty college sugar land",0,6,0.00,14.7
"beauty school groveton",0,6,0.00,5.2
"bella college",0,6,0.00,11.0
"bison barbers",0,6,0.00,8.8
"boss beauty makeup academy reviews",0,6,0.00,19.7
"caesars barber shop",0,6,0.00,9.7
"charles and sues",0,6,0.00,8.2
"chi beauty school",0,6,0.00,8.3
"clutch city barbershop",0,6,0.00,10.0
"coastal bend college pleasanton tx",0,6,0.00,10.2
"compassion school",0,6,0.00,3.0
"contucci baytown",0,6,0.00,7.2
"cosmetology epcc",0,6,0.00,13.8
"cosmetology school whitehouse",0,6,0.00,9.5
"cosmetology schools in odessa texas",0,6,0.00,43.0
"cosmetology training el paso",0,6,0.00,37.2
"cultural technical institute, llc (cti)",0,6,0.00,8.3
"dallas beauty academy",0,6,0.00,18.5
"dapper barber college",0,6,0.00,8.2
"duvalls school of cosmetology",0,6,0.00,12.3
"elite barber school",0,6,0.00,8.2
"epcc cosmetology program & salon",0,6,0.00,9.5
"esthetics school whitehouse",0,6,0.00,10.7
"frank phillips college cosmetology",0,6,0.00,10.8
"glam academy",0,6,0.00,23.8
"hair school whitehouse",0,6,0.00,6.2
"hill college cosmetology",0,6,0.00,9.0
"house of fades cypress",0,6,0.00,8.8
"l and l beauty",0,6,0.00,9.8
"l makeup southlake",0,6,0.00,13.2
"l&l beauty",0,6,0.00,12.8
"lashing out ink academy reviews",0,6,0.00,4.7
"learn lash repeat",0,6,0.00,9.7
"lit cosmetology",0,6,0.00,8.5
"m&j beauty academy",0,6,0.00,7.8
"milan denton",0,6,0.00,10.8
"milan institute of cosmetology san antonio south reviews",0,6,0.00,11.3
"missouri city beauty school",0,6,0.00,11.7
"mj beauty academy",0,6,0.00,1.0
"modern barber and beauty institute",0,6,0.00,16.8
"modern image institute",0,6,0.00,58.0
"moe better cuts",0,6,0.00,9.2
"montana barber institute",0,6,0.00,8.8
"nail school whitehouse",0,6,0.00,12.7
"nuvani institute - del rio del rio",0,6,0.00,8.8
"ogle fort worth",0,6,0.00,12.7
"ogle hair school",0,6,0.00,9.0
"ogle school - beauty and cosmetology (north houston - willowbrook)",0,6,0.00,10.3
"ogle school fort worth reviews",0,6,0.00,14.5
"oneals barber shop",0,6,0.00,5.8
"paul mitchell school san antonio",0,6,0.00,17.0
"prospect barber institute",0,6,0.00,14.2
"trucco beauty institute",0,6,0.00,9.3
"tspa whitehouse",0,6,0.00,12.0
"vernon college cosmetology",0,6,0.00,7.5
"viva de beauty",0,6,0.00,9.0
"wade gordon academy",0,6,0.00,9.8
"wade gordon hairdressing academy",0,6,0.00,9.0
"west texas barber",0,6,0.00,7.3
"xtreme beauty",0,6,0.00,7.3
"lala blush",1,5,20.00,6.4
"texas barber practical exam kit list",1,5,20.00,6.2
"13803 bissonnet st",0,5,0.00,9.2
"360 degrees beauty academy",0,5,0.00,11.8
"734 se military dr",0,5,0.00,9.6
"advanced beauty school",0,5,0.00,5.6
"american laser institute",0,5,0.00,35.8
"aveda institute austin reviews",0,5,0.00,12.2
"avenue five institute reviews",0,5,0.00,12.0
"average booth rent for barbers",0,5,0.00,16.8
"barber school temple tx",0,5,0.00,11.8
"barber shops near me",0,5,0.00,17.2
"barbershop near me",0,5,0.00,8.4
"bau barber shop",0,5,0.00,10.8
"beauty college near me",0,5,0.00,7.8
"beauty schools near me",0,5,0.00,1.0
"bellagio academy",0,5,0.00,6.0
"cartel cutz",0,5,0.00,7.0
"ceo of aesthetics",0,5,0.00,7.4
"charles and sues reviews",0,5,0.00,9.0
"chichos barber shop",0,5,0.00,7.6
"cortez barbershop",0,5,0.00,8.4
"cosmetology school cypress tx",0,5,0.00,10.2
"cosmetology school san angelo",0,5,0.00,7.0
"cosmetology school tyler tx",0,5,0.00,37.2
"cosmetology school weslaco",0,5,0.00,10.6
"dale jackson career center",0,5,0.00,5.6
"dermology college of aesthetics & wellness",0,5,0.00,8.4
"dynasty barber school",0,5,0.00,4.6
"el paso community college cosmetology",0,5,0.00,8.4
"elohim barber shop",0,5,0.00,10.8
"esthetician schools sugar land",0,5,0.00,20.8
"eyes on me watauga",0,5,0.00,3.2
"golden edge barbershop",0,5,0.00,13.0
"good lad barber",0,5,0.00,10.0
"hair school arlington tx",0,5,0.00,30.2
"hair school katy",0,5,0.00,10.6
"hairschool near me",0,5,0.00,9.6
"hp barbershop",0,5,0.00,10.0
"image academy",0,5,0.00,8.0
"immaculate barber shop",0,5,0.00,18.8
"jay's technical institute",0,5,0.00,15.4
"jd cuts",0,5,0.00,9.6
"l makeup institute",0,5,0.00,15.8
"latinos barber school",0,5,0.00,5.4
"lone star cosmetology",0,5,0.00,8.0
"made men galleria",0,5,0.00,1.0
"mademan barber",0,5,0.00,1.0
"makeup school sugar land",0,5,0.00,17.4
"makeup school westlake",0,5,0.00,16.6
"milan school",0,5,0.00,7.8
"mogo salon academy of montgomery",0,5,0.00,9.8
"nail tech school near me",0,5,0.00,1.0
"neecee's barber college",0,5,0.00,8.8
"new image institute of cosmetology",0,5,0.00,9.8
"northline barber shop",0,5,0.00,8.6
"nuvani institute austin reviews",0,5,0.00,8.8
"odessa cosmetology school",0,5,0.00,9.8
"ogle beauty school houston",0,5,0.00,8.8
"ogle dallas",0,5,0.00,16.4
"ogle stafford",0,5,0.00,14.8
"pathway vocational school",0,5,0.00,8.0
"paul mitchell school dallas",0,5,0.00,10.2
"paul mitchell the school clear lake",0,5,0.00,7.6
"paul mitchell the school clear lake reviews",0,5,0.00,11.2
"paul mitchell the school dallas",0,5,0.00,9.6
"paul mitchell the school san antonio",0,5,0.00,16.0
"pr beauty college",0,5,0.00,6.0
"practitioner and establishment license have a term of",0,5,0.00,11.0
"razor king barber",0,5,0.00,10.4
"sol barber",0,5,0.00,9.0
"south plains college cosmetology cost",0,5,0.00,11.0
"sugar land beauty schools",0,5,0.00,12.4
"tdlr establishment license",0,5,0.00,9.2
"texas barber practical exam barber kit list",0,5,0.00,19.6
"texas college of cosmetology",0,5,0.00,11.4
"the 6 barbershop",0,5,0.00,6.8
"tint plano school",0,5,0.00,8.0
"torito y liza beauty academy",0,5,0.00,7.2
"ucas near me",0,5,0.00,26.8
"urban gent barber shop",0,5,0.00,9.2
"vernon cosmetology school",0,5,0.00,8.4
"vip kings barber college",0,5,0.00,12.4
"vogue beauty school",0,5,0.00,9.4
"whitehouse hair school",0,5,0.00,7.0
"whitehouse salon academy",0,5,0.00,10.8
"cursos de pestañas cerca de mi",1,4,25.00,1.5
"""bella beauty college"" ""austin""",0,4,0.00,32.5
"""the gents place barbershop"" ""fort worth""",0,4,0.00,33.5
"13803 bissonnet st, houston, tx 77083",0,4,0.00,8.8
"32 degree",0,4,0.00,2.8
"7fades",0,4,0.00,10.8
"89 beauty school reviews",0,4,0.00,11.0
"abc beauty academy",0,4,0.00,9.8
"academy of cosmetology lubbock",0,4,0.00,27.8
"academy of skin and beauty reviews",0,4,0.00,21.0
"advanced esthetician school amarillo",0,4,0.00,36.8
"alpha omega gymnastics & dance",0,4,0.00,9.8
"american laser & aesthetics institute",0,4,0.00,13.0
"art and style barbershop",0,4,0.00,8.3
"aveda academy",0,4,0.00,31.3
"avenue 5 austin",0,4,0.00,25.0
"avenue five institute south",0,4,0.00,27.0
"baldwin beauty",0,4,0.00,26.8
"barber academy",0,4,0.00,8.0
"barber college on mesa",0,4,0.00,7.8
"barber near me",0,4,0.00,1.5
"barber school mcallen tx",0,4,0.00,9.8
"barber schools in el paso",0,4,0.00,28.8
"beauty school in arlington tx",0,4,0.00,52.0
"beauty school lewisville",0,4,0.00,9.8
"beauty school near me",0,4,0.00,5.5
"bella beauty school",0,4,0.00,7.5
"bella cosmetology",0,4,0.00,31.5
"bella cosmetology school",0,4,0.00,10.3
"boss lady beauty academy",0,4,0.00,12.8
"boss nail academy reviews",0,4,0.00,10.8
"braiding classes near me",0,4,0.00,1.0
"cafecito barber",0,4,0.00,9.8
"career schools of texas",0,4,0.00,8.3
"caribbean barber shop",0,4,0.00,9.8
"chi academy",0,4,0.00,14.0
"corona cutz",0,4,0.00,9.3
"cosmetology school lewisville tx",0,4,0.00,12.0
"cosmetology schools lewisville tx",0,4,0.00,21.3
"cosmotology arlington tx",0,4,0.00,26.0
"cosmotology lewisville tx",0,4,0.00,12.8
"dallas beauty academy garland tx",0,4,0.00,11.3
"dallas college cosmetology",0,4,0.00,7.8
"dina kaswatuka",0,4,0.00,21.3
"divizion barber co.",0,4,0.00,10.3
"dluz beauty academy",0,4,0.00,8.0
"east texas lash institute",0,4,0.00,5.5
"el imperio barber shop",0,4,0.00,3.8
"empower health & aesthetic institute",0,4,0.00,8.0
"fade em all barber academy",0,4,0.00,6.3
"flawless cuts barbershop",0,4,0.00,13.0
"fr3d barber",0,4,0.00,7.0
"grayscale barbershop reviews",0,4,0.00,9.5
"hair school sugar land",0,4,0.00,10.5
"hair schools in san antonio",0,4,0.00,36.3
"houston barber school",0,4,0.00,7.8
"houston training school reviews",0,4,0.00,14.5
"image academy houston",0,4,0.00,11.5
"its beauty academy",0,4,0.00,6.8
"jimbo real kutz",0,4,0.00,4.3
"l & l beauty",0,4,0.00,6.3
"l and l beauty institute abilene tx",0,4,0.00,9.0
"l makeup",0,4,0.00,13.0
"l makeup school",0,4,0.00,11.8
"mademan",0,4,0.00,1.0
"mademen barber",0,4,0.00,1.0
"makeup school irving",0,4,0.00,14.3
"makeup school san antonio",0,4,0.00,28.8
"mckinney barber school",0,4,0.00,9.0
"milan institute houston reviews",0,4,0.00,13.8
"mission barber school",0,4,0.00,9.5
"mod and black salon",0,4,0.00,10.0
"nail school sugar land",0,4,0.00,13.0
"neihule academy of beauty",0,4,0.00,8.3
"ogle north dallas",0,4,0.00,33.5
"ogle school beauty and cosmetology san antonio",0,4,0.00,11.3
"olga beauty school willowbrook",0,4,0.00,8.0
"onyx",0,4,0.00,1.8
"oral exam baldwin",0,4,0.00,61.0
"panola college cosmetology",0,4,0.00,8.0
"paul mitchell austin tx",0,4,0.00,21.3
"paul mitchell clear lake",0,4,0.00,11.0
"paul mitchell the school austin",0,4,0.00,9.8
"pipo academy",0,4,0.00,11.0
"priority cuts",0,4,0.00,9.5
"radiant academy",0,4,0.00,7.0
"remington school of cosmetology",0,4,0.00,21.8
"riva cosmetology school",0,4,0.00,6.8
"rivas cosmetology school",0,4,0.00,5.5
"san antonio paul mitchell school",0,4,0.00,16.3
"school of cosmetology",0,4,0.00,11.0
"sleeping beauty lash institute & salon llc reviews",0,4,0.00,10.0
"south plains cosmetology school",0,4,0.00,9.8
"tdlr student hours search",0,4,0.00,37.3
"the barber education academy inc",0,4,0.00,5.8
"the gentry memorial",0,4,0.00,5.5
"the lbl beauty academy",0,4,0.00,8.0
"tough luck barber",0,4,0.00,8.3
"tre's barber institute",0,4,0.00,8.8
"trendz barber",0,4,0.00,6.8
"trooth katy",0,4,0.00,4.0
"versatile academy",0,4,0.00,6.5
"west memorial barber shop",0,4,0.00,12.0
"william edge institute new braunfels",0,4,0.00,9.0
"xclusiv beauty academy",0,4,0.00,7.5
"yes",0,4,0.00,1.8
"zms the academy",0,4,0.00,8.3
"rm barber cosmetology school",1,3,33.33,3.3
"""milan institute of cosmetology - san antonio south"" ""605 sw military dr""",0,3,0.00,7.3
"32degrees",0,3,0.00,5.3
"5128688079",0,3,0.00,8.3
"6465 calder ave, beaumont, tx 77706",0,3,0.00,12.0
"a and m barber academy",0,3,0.00,9.3
"alief bissonnet campus",0,3,0.00,12.3
"american beauty school",0,3,0.00,5.3
"aveda arts & sciences institute dallas",0,3,0.00,9.0
"aveda arts & sciences institute houston reviews",0,3,0.00,12.3
"aveda college",0,3,0.00,11.3
"aveda hair institute",0,3,0.00,7.3
"aveda institute houston tx",0,3,0.00,10.7
"aveda institute-san antonio",0,3,0.00,11.0
"avenue five",0,3,0.00,28.0
"barber in houston",0,3,0.00,74.3
"barber pad",0,3,0.00,8.7
"barber school conroe tx",0,3,0.00,7.0
"barber school hutto",0,3,0.00,9.3
"barber school san antonio",0,3,0.00,48.7
"barber schools in corpus christi texas",0,3,0.00,52.7
"barber shop near me",0,3,0.00,2.7
"barbering and cosmetology establishment license",0,3,0.00,3.0
"beauty academy arlington",0,3,0.00,43.3
"beauty academy fort worth",0,3,0.00,22.0
"beauty school arlington tx",0,3,0.00,36.0
"beauty school missouri city",0,3,0.00,7.0
"beauty school stafford",0,3,0.00,7.7
"beauty schools in arlington tx",0,3,0.00,55.0
"bellas beauty college",0,3,0.00,10.7
"bl cosmetology school photos",0,3,0.00,11.7
"boardroom salon galleria",0,3,0.00,9.7
"callie street barber shop",0,3,0.00,7.0
"champion beauty college",0,3,0.00,9.0
"charles and sues hair school",0,3,0.00,9.0
"chicks barber shop",0,3,0.00,10.0
"chop it up barbershop college",0,3,0.00,10.0
"chozen careers",0,3,0.00,8.3
"clarendon college pampa tx",0,3,0.00,10.7
"collection academy",0,3,0.00,7.0
"cosmetology school beaumont tx",0,3,0.00,48.7
"cosmetology school brownsville tx",0,3,0.00,23.0
"cosmetology school lumberton tx",0,3,0.00,9.7
"culture supreme barbershop",0,3,0.00,7.0
"d luz beauty academy",0,3,0.00,6.0
"d luz beauty academy houston",0,3,0.00,8.7
"dallas beauty academy garland",0,3,0.00,49.3
"dallas blends duncanville",0,3,0.00,6.3
"deep cutz barbershop",0,3,0.00,8.3
"del mar cosmetology",0,3,0.00,10.3
"east texas cosmetology college",0,3,0.00,11.3
"ebony essence",0,3,0.00,7.7
"elegant fade barbershop",0,3,0.00,4.7
"elite beauty academy reviews",0,3,0.00,6.0
"establishment license meaning",0,3,0.00,11.0
"esthetician school lewisville tx",0,3,0.00,17.7
"esthetician school near me",0,3,0.00,1.0
"esthetician school new braunfels",0,3,0.00,11.7
"esthetician school tyler tx",0,3,0.00,31.7
"esthetician schools allen tx",0,3,0.00,37.3
"esthetician schools lewisville tx",0,3,0.00,16.7
"evvaylois academy school of beauty",0,3,0.00,10.3
"eyebrow mapping near me",0,3,0.00,1.0
"faded culture academy reviews",0,3,0.00,8.0
"first class barber college",0,3,0.00,8.3
"gabriellasoriano.it",0,3,0.00,47.7
"grayson college cosmetology",0,3,0.00,11.7
"grayson cosmetology",0,3,0.00,8.0
"guy code barbershop",0,3,0.00,6.7
"hair mayor beauty college",0,3,0.00,9.0
"hair schools in fort worth texas",0,3,0.00,45.7
"hands on approach school of massage and spa reviews",0,3,0.00,8.3
"headlines barber academy",0,3,0.00,12.0
"hill college cosmetology cleburne tx",0,3,0.00,9.7
"house of blendz",0,3,0.00,7.7
"houston training schools reviews",0,3,0.00,11.0
"howard college cosmetology san angelo",0,3,0.00,11.0
"immaculate cuts",0,3,0.00,14.0
"immaculate cuts barbershop",0,3,0.00,14.7
"impact barber",0,3,0.00,10.7
"inspire institute of barbering & cosmetology carrollton",0,3,0.00,10.3
"k cool cutz",0,3,0.00,8.0
"katy esthetician academy reviews",0,3,0.00,7.7
"lashboss university",0,3,0.00,7.0
"license tx cosmetology",0,3,0.00,32.7
"lone star cosmetology cost",0,3,0.00,7.0
"luis gabriel cuban barber shop reviews",0,3,0.00,3.0
"luxury aesthetics academy",0,3,0.00,5.7
"made men - barber, hair salon & design cuts",0,3,0.00,1.0
"manuel and theresa",0,3,0.00,7.7
"marmel beauty academy",0,3,0.00,10.0
"melluzi academy reviews",0,3,0.00,10.0
"milan institute of cosmetology el paso",0,3,0.00,14.3
"milan institute prices",0,3,0.00,6.7
"mogo salon academy reviews",0,3,0.00,10.0
"mystros barber academy missouri city",0,3,0.00,5.3
"nail license texas",0,3,0.00,51.0
"nail school near me",0,3,0.00,12.3
"nails license in texas",0,3,0.00,46.3
"new image institute",0,3,0.00,8.7
"nuvani institute - austin",0,3,0.00,8.3
"nuvani institute - uvalde",0,3,0.00,7.7
"ogle hair school fort worth",0,3,0.00,8.0
"ogle houston",0,3,0.00,11.0
"ogle school dallas preston",0,3,0.00,8.7
"ogle school stafford tx",0,3,0.00,13.7
"online continuing education barber",0,3,0.00,37.7
"onyx nail institute",0,3,0.00,1.0
"oral exams in waller",0,3,0.00,17.0
"paul mitchell the school san antonio reviews",0,3,0.00,11.3
"pearland barber college",0,3,0.00,11.0
"perfect barber pearland",0,3,0.00,10.0
"prestige barber studio",0,3,0.00,9.7
"professional academy",0,3,0.00,10.0
"randles barbershop",0,3,0.00,12.0
"regency beauty institute",0,3,0.00,25.3
"rgv barber school",0,3,0.00,10.3
"riverside barber and beauty institute",0,3,0.00,8.3
"s&j barber beauty academy",0,3,0.00,6.7
"salon and spa institute brownsville",0,3,0.00,15.3
"sharkey's cuts for kids sugar land",0,3,0.00,10.3
"sharkeys sugar land",0,3,0.00,9.3
"southern careers institute cosmetology",0,3,0.00,10.3
"state barber & cosmetology school",0,3,0.00,10.0
"state barber & cosmetology school irving",0,3,0.00,8.0
"studio09 barbershop",0,3,0.00,9.7
"tdlr mini establishment license",0,3,0.00,15.7
"texas barber license",0,3,0.00,29.7
"texas institute of nails and esthetics",0,3,0.00,6.3
"texas manicurist license",0,3,0.00,34.0
"texas nail license",0,3,0.00,46.3
"texas nail technician license",0,3,0.00,45.3
"the boardroom vintage park",0,3,0.00,10.3
"the gentry river oaks",0,3,0.00,6.3
"the hair mayor beauty college",0,3,0.00,19.3
"the man's chair",0,3,0.00,11.3
"to be eligible for an establishment license, an applicant must:",0,3,0.00,10.3
"touch of class manicure school",0,3,0.00,6.3
"tri state cosmetology services",0,3,0.00,29.0
"united beauty college photos",0,3,0.00,8.3
"university of cosmetology arts & sciences",0,3,0.00,12.0
"ur beauty & barber academy",0,3,0.00,7.3
"vision to reality beauty academy",0,3,0.00,7.0
"viva de beauty professional academy",0,3,0.00,14.3
"vogue beauty academy",0,3,0.00,14.0
"vogue beauty college",0,3,0.00,8.7
"vogue school",0,3,0.00,8.3
"vxo beauty",0,3,0.00,11.7
"wade gordon",0,3,0.00,9.0
"waldo cuts",0,3,0.00,8.0
"war esthetics institute",0,3,0.00,8.7
"weatherford cosmetology school",0,3,0.00,11.0
"white elm wellness institute reviews",0,3,0.00,7.7
"whitehouse salon professional academy",0,3,0.00,9.3
"williams barber college photos",0,3,0.00,12.0
"williams barber school",0,3,0.00,5.7
"xclusive barbershop",0,3,0.00,8.7
"you me beauty salon",0,3,0.00,4.3
"barber school fort worth",1,2,50.00,5.0
"cosmetology practical exam supply list",1,2,50.00,4.5
"manicurist school near me",1,2,50.00,1.0
"zions braiding school",1,2,50.00,1.0
"""afterhours barbershop"" ""2124 n main st c""",0,2,0.00,11.0
"""afterhours barbershop"" ""77009""",0,2,0.00,15.5
"""afterhours barbershop"" ""houston""",0,2,0.00,20.0
"""avenue five institute"" ""78704""",0,2,0.00,10.5
"""bella beauty college"" ""78704""",0,2,0.00,9.5
"""bella beauty college"" ""78751""",0,2,0.00,8.0
"""central texas beauty college"" ""78664""",0,2,0.00,13.5
"""clarendon college"" ""amarillo""",0,2,0.00,13.0
"""heights beauty college"" ""77506""",0,2,0.00,5.0
"""milan institute of cosmetology - san antonio south"" ""78221""",0,2,0.00,5.0
"""paul mitchell the school austin"" ""(512) 251-1644""",0,2,0.00,17.5
"""paul mitchell the school austin"" ""78759""",0,2,0.00,28.5
"""paul mitchell the school austin"" ""9503 research blvd bldg 3 suite 310""",0,2,0.00,12.5
"""sheared the barbershop - midtown houston"" ""3100 fannin st unit 105""",0,2,0.00,1.5
"""sheared the barbershop - midtown houston"" ""77004""",0,2,0.00,3.5
"""ucas university of cosmetology"" ""78201""",0,2,0.00,10.5
"007 barbershop reviews",0,2,0.00,11.0
"1217 chicago ave mcallen tx",0,2,0.00,7.0
"12788 fountain lake circle stafford, tx 77477",0,2,0.00,9.0
"2440 b south stemmons freeway, lewisville, tx 75067",0,2,0.00,10.0
"313 rankin rd",0,2,0.00,10.5
"32 degrees barbershop",0,2,0.00,1.0
"5800 uvalde houston tx 77049",0,2,0.00,12.0
"60/40 commission split salon",0,2,0.00,30.5
"7310 bowie street houston tx 77012",0,2,0.00,11.0
"7fades reviews",0,2,0.00,6.0
"8322305213",0,2,0.00,1.0
"9009 bruton rd dallas tx 75217",0,2,0.00,6.5
"919 hunter dr el paso tx 79915",0,2,0.00,53.0
"a touch of class manicure school",0,2,0.00,7.5
"a touch of class manicure school photos",0,2,0.00,10.5
"acc cosmetology",0,2,0.00,6.5
"additional requirements for a mobile shop license include",0,2,0.00,12.0
"alamo city barber college",0,2,0.00,17.0
"ali baba barber",0,2,0.00,10.5
"all about beauty",0,2,0.00,11.5
"all pro barbershop",0,2,0.00,10.0
"allure institute of makeup artistry",0,2,0.00,55.5
"alpha omega gymnastics pearland",0,2,0.00,12.5
"american beauty school photos",0,2,0.00,11.0
"angie's barber academy",0,2,0.00,11.0
"arabic barber",0,2,0.00,2.0
"arabic barber shop near me",0,2,0.00,1.0
"argyle league houston",0,2,0.00,9.5
"art and style barbershop reviews",0,2,0.00,6.5
"arts barber academy",0,2,0.00,52.5
"asel beauty college",0,2,0.00,7.5
"aveda arts & sciences institute corpus christi",0,2,0.00,54.5
"aveda arts and science",0,2,0.00,20.0
"aveda austin",0,2,0.00,35.0
"aveda corpus",0,2,0.00,53.0
"aveda hair school",0,2,0.00,7.0
"aveda institute shenandoah",0,2,0.00,25.5
"aveda shenandoah texas",0,2,0.00,25.5
"average barber booth rent",0,2,0.00,13.5
"bale beauty academy",0,2,0.00,9.0
"bale beauty academy 6 corp.",0,2,0.00,9.0
"barber academy huntsville alabama",0,2,0.00,55.0
"barber booth rental cost",0,2,0.00,21.0
"barber certificate online san antonio",0,2,0.00,36.5
"barber college on ferguson",0,2,0.00,9.5
"barber college pearland",0,2,0.00,10.5
"barber continuing education",0,2,0.00,14.5
"barber institute of texas",0,2,0.00,10.0
"barber school abilene tx",0,2,0.00,1.0
"barber school austin",0,2,0.00,20.5
"barber school beaumont tx",0,2,0.00,11.5
"barber school cost houston",0,2,0.00,31.0
"barber school huntsville tx",0,2,0.00,10.0
"barber school hurst tx",0,2,0.00,18.0
"barber school sherman tx",0,2,0.00,10.5
"barber school spring tx",0,2,0.00,5.0
"barber school weslaco",0,2,0.00,10.5
"barber shop",0,2,0.00,1.0
"barber shop license texas",0,2,0.00,18.0
"barber sinan",0,2,0.00,7.5
"barberventures mobile barbershop houston",0,2,0.00,5.5
"bearded blendz barber shop pearland",0,2,0.00,10.5
"beauty art makeup academy",0,2,0.00,8.0
"beauty model school",0,2,0.00,10.0
"beauty school brownsville tx",0,2,0.00,12.5
"beauty school mckinney",0,2,0.00,7.0
"beauty school plano tx",0,2,0.00,34.0
"beauty school san angelo",0,2,0.00,10.0
"beauty school tyler tx",0,2,0.00,48.5
"beauty schools in lubbock",0,2,0.00,30.0
"beauty schools in lubbock tx",0,2,0.00,34.5
"beautykulture",0,2,0.00,6.0
"bella beauty college corpus christi",0,2,0.00,9.5
"bella beauty college reviews",0,2,0.00,12.0
"bladesmith barber",0,2,0.00,10.0
"bloom beauty",0,2,0.00,11.0
"boardroom vintage",0,2,0.00,9.0
"bonjour beauty",0,2,0.00,6.0
"boss haircut webster",0,2,0.00,11.0
"boss lady academy",0,2,0.00,11.5
"boss nail academy san antonio",0,2,0.00,6.0
"braes heights barber shop",0,2,0.00,10.0
"cartel cuts houston",0,2,0.00,7.5
"champion barber school",0,2,0.00,10.0
"chi lone star college",0,2,0.00,9.0
"choezen careers and healthcare training reviews",0,2,0.00,6.0
"chophouse barber",0,2,0.00,7.5
"clutch city cuts",0,2,0.00,11.0
"collectiv academy dallas",0,2,0.00,14.0
"community college hair school",0,2,0.00,7.0
"comprehensive exam in garland tx",0,2,0.00,68.0
"cosmetica beauty and barbering academy",0,2,0.00,6.0
"cosmetology",0,2,0.00,3.0
"cosmetology hours for texas",0,2,0.00,42.5
"cosmetology license texas",0,2,0.00,45.0
"cosmetology lone star college",0,2,0.00,12.0
"cosmetology school in arlington",0,2,0.00,36.5
"cosmetology school weatherford tx",0,2,0.00,10.5
"cosmetology schools allen tx",0,2,0.00,15.0
"cosmetology schools arlington tx",0,2,0.00,32.5
"cosmetology schools beaumont tx",0,2,0.00,50.5
"cosmetology schools in conroe tx",0,2,0.00,58.0
"cosmetology schools in mcallen tx",0,2,0.00,56.5
"cosmetology schools in san antonio texas",0,2,0.00,27.0
"cti el paso",0,2,0.00,6.5
"cut and pride",0,2,0.00,7.0
"cut and pride barbershop",0,2,0.00,6.5
"cutthroat barbers heights",0,2,0.00,9.5
"cutthroat heights",0,2,0.00,9.0
"dallas barber and stylist college loans",0,2,0.00,34.5
"dallas barber stylist college loans",0,2,0.00,37.0
"dallas lash academy",0,2,0.00,28.5
"diamond academy",0,2,0.00,9.0
"diamonds cosmetology",0,2,0.00,26.0
"distinctive academy",0,2,0.00,7.5
"division barber shop",0,2,0.00,9.5
"divizion barber shop",0,2,0.00,7.0
"do i need a barber license to open a shop",0,2,0.00,4.0
"do you need a barber license to open a barber shop",0,2,0.00,8.0
"douglas j aveda",0,2,0.00,66.0
"duvall school",0,2,0.00,14.5
"elite barber college",0,2,0.00,9.5
"elite barber institute",0,2,0.00,8.5
"elite barber institute llc",0,2,0.00,9.0
"elite barbershop | حلاق عربي هيوستن",0,2,0.00,8.5
"elite stylez barbershop reviews",0,2,0.00,8.0
"elle beauty academy longview tx",0,2,0.00,13.0
"escuela de barbería cerca de mi",0,2,0.00,9.5
"establishment license cosmetology",0,2,0.00,11.0
"esthetician school allen tx",0,2,0.00,29.0
"expert barber beauty",0,2,0.00,35.0
"expert barber beauty reviews",0,2,0.00,10.0
"fade fellas barber school reviews",0,2,0.00,11.0
"faded culture barber school",0,2,0.00,10.0
"fades on demand",0,2,0.00,10.5
"gateway cosmetology",0,2,0.00,19.0
"glam beauty salon",0,2,0.00,10.0
"good vibes barber",0,2,0.00,10.0
"got nails university",0,2,0.00,58.5
"greenville cosmetology school",0,2,0.00,22.5
"grooming lounge",0,2,0.00,9.5
"hair institute",0,2,0.00,10.0
"hair school",0,2,0.00,11.5
"hair school near me",0,2,0.00,7.0
"haircut license cost",0,2,0.00,42.5
"hairmosa beauty academy",0,2,0.00,10.0
"hands on approach corpus christi",0,2,0.00,11.0
"hd barber shop",0,2,0.00,1.0
"headliners barbershop",0,2,0.00,9.5
"headlines barber college",0,2,0.00,8.0
"houston brows & beauty school llc",0,2,0.00,5.0
"houston training school",0,2,0.00,10.5
"houston training school cosmetology",0,2,0.00,8.5
"houston training school gessner",0,2,0.00,31.5
"houston training school jacinto city loan",0,2,0.00,57.5
"houston training schools gessner",0,2,0.00,16.5
"houston training schools southwest loan",0,2,0.00,47.0
"how many hours is barber school",0,2,0.00,30.5
"how to get a barber license in texas",0,2,0.00,29.5
"hutto barber school",0,2,0.00,10.0
"i&i barber",0,2,0.00,8.5
"inspired by beauty institute",0,2,0.00,9.5
"iverson mall hair academy",0,2,0.00,54.5
"jay cutz barbershop",0,2,0.00,8.0
"kalibur barber college reviews",0,2,0.00,5.5
"kla beauty",0,2,0.00,5.0
"laila beauty",0,2,0.00,8.0
"laila beauty studio",0,2,0.00,8.0
"laredo beauty college",0,2,0.00,25.5
"laredo college cosmetology cost",0,2,0.00,7.0
"lash boss",0,2,0.00,1.0
"lash room academy",0,2,0.00,6.0
"lashing out ink academy houston reviews",0,2,0.00,10.5
"legends barber academy",0,2,0.00,11.5
"legendz barber college",0,2,0.00,7.0
"letty's barbering and cosmetology college",0,2,0.00,8.0
"licensed nail technician texas",0,2,0.00,60.5
"lm lash lounge",0,2,0.00,4.5
"lonestar chi",0,2,0.00,9.5
"lubbock hair academy lubbock tx",0,2,0.00,9.0
"mademan galleria",0,2,0.00,1.0
"makeup artist schools in southlake",0,2,0.00,12.5
"manicure license texas",0,2,0.00,40.0
"manuel and theresa's school of hair design",0,2,0.00,6.0
"masters barber shop houston",0,2,0.00,11.5
"mclennan community college cosmetology",0,2,0.00,4.5
"mei barber school brownsville tx",0,2,0.00,5.0
"men barbershop near me",0,2,0.00,1.0
"michael vincent academy",0,2,0.00,9.5
"milan el paso",0,2,0.00,12.0
"milan hair institute",0,2,0.00,10.0
"milan institute of cosmetology - san antonio south",0,2,0.00,8.0
"milan institute of cosmetology el paso photos",0,2,0.00,11.0
"milan institute of cosmetology san antonio",0,2,0.00,17.0
"mini establishment license",0,2,0.00,25.5
"mini salon license tdlr",0,2,0.00,29.5
"mission beauty institute",0,2,0.00,8.0
"mitchell beauty school",0,2,0.00,10.0
"modern barber college",0,2,0.00,12.0
"modern beauty institute of cosmetology",0,2,0.00,27.5
"modern image institute barber & stylist richardson reviews",0,2,0.00,20.0
"mystros barber shop",0,2,0.00,26.0
"nail boss academy",0,2,0.00,5.5
"nail school arlington tx",0,2,0.00,30.5
"nail tech license in texas",0,2,0.00,62.0
"nail tech license texas",0,2,0.00,47.0
"nail technician license texas",0,2,0.00,50.0
"nail technician license texas online",0,2,0.00,57.0
"nctc cosmetology",0,2,0.00,34.5
"new image beauty school",0,2,0.00,11.5
"njc cosmetology",0,2,0.00,75.5
"nuvani beauty school",0,2,0.00,10.0
"oc cosmetology",0,2,0.00,11.0
"odessa cosmetology",0,2,0.00,10.0
"ogle beauty school fort worth",0,2,0.00,8.5
"ogle beauty school stafford",0,2,0.00,11.5
"ogle cosmetology school houston",0,2,0.00,8.0
"ogle hair skin and nails",0,2,0.00,11.0
"ogle payment",0,2,0.00,39.5
"ogle school - beauty and cosmetology (north houston - willowbrook) photos",0,2,0.00,12.5
"ogle school dallas",0,2,0.00,12.5
"ogle school houston stafford",0,2,0.00,8.0
"ogle stafford tx",0,2,0.00,18.5
"ogs barber school",0,2,0.00,10.5
"olga beauty school stafford tx",0,2,0.00,7.0
"olga school of beauty",0,2,0.00,10.0
"one for all barbershop",0,2,0.00,9.5
"operate a beauty salon or barber shop",0,2,0.00,84.0
"otro nivel barber shop",0,2,0.00,5.0
"oz barber and piercing academy reviews",0,2,0.00,7.5
"paul mitchell houston",0,2,0.00,22.0
"paul mitchell school austin",0,2,0.00,12.0
"paul mitchell school near me",0,2,0.00,19.5
"pearland's innovative school of beauty of silverlake",0,2,0.00,6.5
"pearlands",0,2,0.00,35.0
"pochi barber shop",0,2,0.00,4.0
"precious beauty academy",0,2,0.00,7.5
"primetime technical institute",0,2,0.00,8.5
"remington college league city",0,2,0.00,10.0
"remington hair school",0,2,0.00,17.0
"rgv cosmetology school",0,2,0.00,9.5
"richerson's master barber academy fort worth",0,2,0.00,9.0
"riva institute",0,2,0.00,8.5
"royalty academy",0,2,0.00,9.0
"ro’s barbershop",0,2,0.00,12.0
"salon academy lewisville",0,2,0.00,9.5
"salon academy whitehouse tx",0,2,0.00,8.0
"san antonio aveda institute",0,2,0.00,17.5
"schwarzkopf beauty institute",0,2,0.00,74.5
"services offered by aveda institute san antonio",0,2,0.00,57.5
"services offered by navarro cosmetology",0,2,0.00,13.0
"sharkey's cuts for kids sugar land reviews",0,2,0.00,9.0
"shima academy",0,2,0.00,6.5
"shop license",0,2,0.00,7.0
"sol barber & styling academy",0,2,0.00,6.5
"studio cutz",0,2,0.00,10.5
"sues hair salon",0,2,0.00,6.0
"tdlr requirements",0,2,0.00,9.5
"tdlr texas cosmetology",0,2,0.00,18.0
"tdlr texas cosmetology license",0,2,0.00,24.5
"temple beauty college",0,2,0.00,10.0
"texarkana cosmetology academy",0,2,0.00,30.0
"texas aesthetics academy",0,2,0.00,8.5
"texas barber license requirements",0,2,0.00,27.5
"texas beauty school",0,2,0.00,1.0
"texas cosmetology hours",0,2,0.00,50.5
"texas license cosmetology",0,2,0.00,24.5
"texas school of cosmetology",0,2,0.00,9.0
"texas tdlr cosmetology",0,2,0.00,26.0
"the barber collection",0,2,0.00,8.5
"the barber education academy",0,2,0.00,8.0
"the boardroom galleria",0,2,0.00,9.0
"the hot towel tx",0,2,0.00,10.0
"the professional academy",0,2,0.00,50.0
"the salon professional academy lewisville tx",0,2,0.00,8.5
"tint hair school plano",0,2,0.00,8.0
"tint school plano",0,2,0.00,8.5
"toni and guy academy",0,2,0.00,60.5
"toni and guy academy dallas",0,2,0.00,39.5
"top esthetician schools in sugar land",0,2,0.00,51.0
"trend barber college west bellfort",0,2,0.00,27.0
"tres barber institute reviews",0,2,0.00,12.0
"tri state cosmetology",0,2,0.00,16.0
"tri state cosmetology institute",0,2,0.00,8.0
"tri state el paso",0,2,0.00,19.0
"trimsetters",0,2,0.00,11.0
"true lux barber co",0,2,0.00,8.0
"ty the barber guy",0,2,0.00,1.0
"ty's barber lounge",0,2,0.00,1.0
"ucas brownsville tx",0,2,0.00,14.5
"ucas harlingen",0,2,0.00,14.5
"ucas harlingen texas",0,2,0.00,17.5
"universal barber college",0,2,0.00,8.0
"university of cosmetology arts and sciences",0,2,0.00,22.5
"valor barber",0,2,0.00,5.5
"vanders cosmetology college",0,2,0.00,5.0
"vh academy",0,2,0.00,48.0
"victoria cosmetology & barber academy",0,2,0.00,9.0
"vogue college mcallen financial aid",0,2,0.00,44.5
"vogue college of cosmetology prices",0,2,0.00,8.5
"vogue college of cosmetology san antonio",0,2,0.00,25.0
"vogue international academy",0,2,0.00,7.5
"vogue lubbock",0,2,0.00,10.5
"vogue mcallen",0,2,0.00,17.0
"wade gordon lubbock",0,2,0.00,15.5
"waldos barber shop",0,2,0.00,11.5
"wcjc cosmetology",0,2,0.00,15.5
"what is an establishment license",0,2,0.00,12.5
"what is the application fee for a mobile shop",0,2,0.00,56.5
"what license do you need to open a barber shop",0,2,0.00,7.0
"white elm institute",0,2,0.00,8.5
"white elm spa college station",0,2,0.00,31.0
"william edge institute reviews",0,2,0.00,12.0
"williams barber college reviews",0,2,0.00,10.0
"wow look barber shop",0,2,0.00,7.5
"you me beauty school reviews",0,2,0.00,10.5
"ys school",0,2,0.00,6.0
"حلاق عربي",0,2,0.00,9.5
"حلاق عربي هيوستن",0,2,0.00,9.5
"👩‍🎓diamond beauty academy 🩷💎👩‍🎓 reviews",0,2,0.00,9.5
"89 beauty school photos",1,1,100.00,7.0
"arijana pjetrovic",1,1,100.00,16.0
"beauty school katy",1,1,100.00,9.0
"eyes on me barber",1,1,100.00,3.0
"frank chisum",1,1,100.00,3.0
"hair school dallas",1,1,100.00,5.0
"hair school salon near me",1,1,100.00,1.0
"nail academy near me",1,1,100.00,1.0
"oz barber",1,1,100.00,8.0
"perfect barber pearland reviews",1,1,100.00,5.0
"""alamo city barber college"" ""78250""",0,1,0.00,12.0
"""ann webb skin institute"" ""78759""",0,1,0.00,17.0
"""aveda arts & sciences institute austin"" ""6001 middle fiskville rd""",0,1,0.00,7.0
"""aveda arts & sciences institute austin"" ""78752""",0,1,0.00,6.0
"""aveda arts & sciences institute austin"" ""austin""",0,1,0.00,7.0
"""aveda arts & sciences"" ""78752""",0,1,0.00,8.0
"""avenue five institute"" ""500 e ben white blvd bldg e ste 100""",0,1,0.00,5.0
"""avenue five institute"" ""austin""",0,1,0.00,23.0
"""bella beauty college"" ""4631 airport blvd unit 101""",0,1,0.00,2.0
"""bella beauty college"" ""623 w ben white blvd""",0,1,0.00,9.0
"""cut & shave barber"" ""78219""",0,1,0.00,8.0
"""deluxe barber college"" ""78217""",0,1,0.00,15.0
"""milan institute of cosmetology - san antonio south"" ""san antonio""",0,1,0.00,9.0
"""milan institute of cosmetology"" ""78221""",0,1,0.00,10.0
"""most high barber college"" ""78214""",0,1,0.00,4.0
"""ogle school - beauty and cosmetology (san antonio)"" ""78216""",0,1,0.00,4.0
"""ogle school - beauty and cosmetology (san antonio)"" ""san antonio""",0,1,0.00,5.0
"""ortahaus barber co."" ""77007""",0,1,0.00,10.0
"""ortahaus barber co."" ""houston""",0,1,0.00,13.0
"""paul mitchell the school austin"" ""austin""",0,1,0.00,30.0
"""paul mitchell the school san antonio"" ""78259""",0,1,0.00,12.0
"""paul mitchell the school san antonio"" ""san antonio""",0,1,0.00,30.0
"""paul mitchell the school"" ""78259""",0,1,0.00,18.0
"""paul mitchell the school"" ""78759""",0,1,0.00,16.0
"""randle’s barbershop"" ""77002""",0,1,0.00,6.0
"""randle’s barbershop"" ""houston""",0,1,0.00,4.0
"""red's barber shop"" ""77002""",0,1,0.00,25.0
"""the men barber school"" ""78758""",0,1,0.00,3.0
"""the salon professional academy"" ""78232""",0,1,0.00,10.0
"""tre's barber institute"" ""78758""",0,1,0.00,9.0
"007 barber",0,1,0.00,17.0
"007 barbershop",0,1,0.00,19.0
"11400 misty valley dr houston tx 77066",0,1,0.00,12.0
"1404 w walnut hill ln",0,1,0.00,43.0
"1600 texas parkway missouri city tx 77489",0,1,0.00,13.0
"1617 westheimer rd",0,1,0.00,11.0
"201 harwood rd bedford tx 76021",0,1,0.00,10.0
"2026",0,1,0.00,2.0
"249 beauty college reviews",0,1,0.00,9.0
"2870 gessner rd",0,1,0.00,15.0
"2923 macarthur view san antonio tx 78217",0,1,0.00,21.0
"3727 dilido rd",0,1,0.00,18.0
"4 him barbershop",0,1,0.00,17.0
"4135 belt line rd",0,1,0.00,33.0
"4800 preston park blvd plano tx 75093",0,1,0.00,11.0
"4him barbershop",0,1,0.00,13.0
"5225 w san fernando rd, los angeles, ca 90039",0,1,0.00,8.0
"5400 pinemont dr",0,1,0.00,10.0
"5800 uvalde road houston tx 77049",0,1,0.00,10.0
"717 barber",0,1,0.00,20.0
"717 barber studio",0,1,0.00,35.0
"7310 bowie street, houston, tx 77012",0,1,0.00,12.0
"7fades barbershop",0,1,0.00,7.0
"8600 wurzbach rd san antonio tx 78240",0,1,0.00,25.0
"9050 viscount el paso tx",0,1,0.00,11.0
"a otro nivel barber shop",0,1,0.00,6.0
"a shaving grace barber shop reviews",0,1,0.00,48.0
"a&m barber",0,1,0.00,10.0
"aa beauty plus",0,1,0.00,40.0
"abc cosmetology",0,1,0.00,10.0
"abc cosmetology school",0,1,0.00,12.0
"abc school of cosmetology",0,1,0.00,10.0
"abes fades barber academy",0,1,0.00,9.0
"abilene cosmetology",0,1,0.00,31.0
"academy barber college",0,1,0.00,7.0
"academy barber school",0,1,0.00,11.0
"academy barber shop",0,1,0.00,1.0
"academy haircut",0,1,0.00,7.0
"academy of career training",0,1,0.00,66.0
"academy of hair design",0,1,0.00,12.0
"academy skincare",0,1,0.00,15.0
"ace academy",0,1,0.00,8.0
"ace beauty academy",0,1,0.00,10.0
"addison beauty school",0,1,0.00,6.0
"advance beauty academy",0,1,0.00,56.0
"advanced beauty academy reviews",0,1,0.00,11.0
"aesthetic artistry san antonio",0,1,0.00,20.0
"alibaba haircut",0,1,0.00,8.0
"all about you beauty and academy",0,1,0.00,41.0
"all pros",0,1,0.00,10.0
"alpha omega pearland",0,1,0.00,10.0
"amarillo cosmetology school",0,1,0.00,12.0
"amarillo cosmetology schools",0,1,0.00,24.0
"amenti beauty",0,1,0.00,16.0
"american beauty institute",0,1,0.00,10.0
"an establishment that is attached to a residence must have an _________ that is separate and distinct from the residential entrance",0,1,0.00,9.0
"ann webb institute",0,1,0.00,22.0
"ann webb skin institute",0,1,0.00,22.0
"application for establishment license",0,1,0.00,37.0
"armstrong mccall league city",0,1,0.00,12.0
"asian barber near me",0,1,0.00,1.0
"austin",0,1,0.00,2.0
"avara's academy of hair design",0,1,0.00,60.0
"aveda arts and science institute",0,1,0.00,8.0
"aveda arts and sciences",0,1,0.00,15.0
"aveda arts and sciences institute",0,1,0.00,29.0
"aveda arts institute",0,1,0.00,37.0
"aveda ballston",0,1,0.00,58.0
"aveda beauty schools",0,1,0.00,50.0
"aveda cosmetology school locations",0,1,0.00,38.0
"aveda cosmotology school",0,1,0.00,40.0
"aveda houston",0,1,0.00,9.0
"aveda institute dallas",0,1,0.00,19.0
"aveda institute prices",0,1,0.00,13.0
"aveda institute san antonio financial aid",0,1,0.00,56.0
"aveda institute san antonio reviews",0,1,0.00,12.0
"aveda institute san antonio tx",0,1,0.00,14.0
"aveda institute the woodlands",0,1,0.00,30.0
"aveda institute woodlands",0,1,0.00,35.0
"aveda park lane",0,1,0.00,31.0
"aveda shenandoah",0,1,0.00,2.0
"aveda shenandoah tx",0,1,0.00,14.0
"aveda sxhool",0,1,0.00,11.0
"aveda williston",0,1,0.00,60.0
"avenue five austin",0,1,0.00,20.0
"avenue five institute south austin",0,1,0.00,29.0
"back to school nails",0,1,0.00,2.0
"bad boyz barber shop",0,1,0.00,11.0
"bad boyz barber shop reviews",0,1,0.00,4.0
"baldwin beauty 2020",0,1,0.00,14.0
"baldwin beauty school austin",0,1,0.00,19.0
"baldwin beauty schools",0,1,0.00,8.0
"bale beauty academy reviews",0,1,0.00,11.0
"bamboo advance beauty college",0,1,0.00,8.0
"barber",0,1,0.00,18.0
"barber academy near me",0,1,0.00,7.0
"barber and beauty academy",0,1,0.00,9.0
"barber and cosmetology school",0,1,0.00,1.0
"barber business license",0,1,0.00,66.0
"barber colleges in dallas",0,1,0.00,1.0
"barber cosmetology license",0,1,0.00,10.0
"barber license requirements",0,1,0.00,57.0
"barber practical exam kit",0,1,0.00,9.0
"barber programs near me",0,1,0.00,2.0
"barber school arlington tx",0,1,0.00,35.0
"barber school austin tx",0,1,0.00,41.0
"barber school baytown",0,1,0.00,7.0
"barber school cypress tx",0,1,0.00,12.0
"barber school dallas",0,1,0.00,2.0
"barber school hours",0,1,0.00,10.0
"barber school houston",0,1,0.00,3.0
"barber school houston texas",0,1,0.00,2.0
"barber school houston tx",0,1,0.00,2.0
"barber school in austin",0,1,0.00,39.0
"barber school irving tx",0,1,0.00,11.0
"barber school longview tx",0,1,0.00,11.0
"barber school pasadena tx",0,1,0.00,12.0
"barber school plano",0,1,0.00,12.0
"barber school san antonio tx",0,1,0.00,42.0
"barber school sugar land",0,1,0.00,8.0
"barber school waxahachie",0,1,0.00,9.0
"barber schools",0,1,0.00,5.0
"barber schools arlington tx",0,1,0.00,70.0
"barber schools in houston tx",0,1,0.00,5.0
"barber schools in odessa texas",0,1,0.00,90.0
"barber schools near me",0,1,0.00,1.0
"barber shop galleria",0,1,0.00,1.0
"barber shop in houston tx",0,1,0.00,1.0
"barber shop license renewal",0,1,0.00,74.0
"barber shop permit texas",0,1,0.00,15.0
"barber shops near me for men",0,1,0.00,1.0
"barber training",0,1,0.00,1.0
"barber+interstate",0,1,0.00,8.0
"barberia gt",0,1,0.00,5.0
"barbering",0,1,0.00,7.0
"barbers in houston",0,1,0.00,21.0
"barbers schools",0,1,0.00,24.0
"barbers shops",0,1,0.00,1.0
"barbershop classes near me",0,1,0.00,1.0
"barbershop houston",0,1,0.00,1.0
"barbershop school near me",0,1,0.00,9.0
"barbershops that are open near me",0,1,0.00,5.0
"barner school",0,1,0.00,1.0
"bay area college barber and cosmetology",0,1,0.00,7.0
"beaumont tx",0,1,0.00,6.0
"beautician school near me",0,1,0.00,1.0
"beauty academy",0,1,0.00,1.0
"beauty academy houston",0,1,0.00,37.0
"beauty college",0,1,0.00,20.0
"beauty colleges in arlington",0,1,0.00,31.0
"beauty school ft worth tx",0,1,0.00,41.0
"beauty school georgetown tx",0,1,0.00,8.0
"beauty school graduation rate",0,1,0.00,58.0
"beauty school in arlington",0,1,0.00,36.0
"beauty school killeen tx",0,1,0.00,26.0
"beauty school mesquite tx",0,1,0.00,12.0
"beauty schools",0,1,0.00,1.0
"beauty schools arlington tx",0,1,0.00,41.0
"beauty schools in arlington",0,1,0.00,36.0
"beauty schools in arlington texas",0,1,0.00,45.0
"beauty schools in laredo texas",0,1,0.00,15.0
"beauty schools mesquite tx",0,1,0.00,11.0
"beauty schools plano",0,1,0.00,35.0
"beauty schools that offer services near me",0,1,0.00,1.0
"behind the chair",0,1,0.00,9.0
"behx",0,1,0.00,8.0
"bella academy",0,1,0.00,7.0
"bella beauty academy",0,1,0.00,9.0
"bella beauty college austin",0,1,0.00,9.0
"bella hair school",0,1,0.00,12.0
"bella's beauty academy",0,1,0.00,9.0
"bellagio school",0,1,0.00,9.0
"bellas beauty school",0,1,0.00,12.0
"bellere",0,1,0.00,3.0
"best cosmetology schools in sugar land",0,1,0.00,49.0
"best esthetician school in sugar land",0,1,0.00,67.0
"bf beauty academy",0,1,0.00,3.0
"bgm science of beauty university",0,1,0.00,11.0
"bison barbershop",0,1,0.00,11.0
"bl school",0,1,0.00,9.0
"black barber school",0,1,0.00,3.0
"blade craft barber academy",0,1,0.00,20.0
"bladecraft barber academy",0,1,0.00,17.0
"blades & fades barber shop",0,1,0.00,9.0
"blades salon competitors",0,1,0.00,8.0
"blanco flawless firm barber shop",0,1,0.00,22.0
"blanco's flawless cuts",0,1,0.00,25.0
"blessed hands barber",0,1,0.00,7.0
"bloom beauty institute",0,1,0.00,20.0
"blueprint barber",0,1,0.00,11.0
"bn career institute",0,1,0.00,11.0
"bonjour",0,1,0.00,5.0
"bonjour university",0,1,0.00,1.0
"bonjoutbeauty",0,1,0.00,4.0
"booth contracts",0,1,0.00,32.0
"booth renter take home pay",0,1,0.00,44.0
"borners barber college pasadena",0,1,0.00,10.0
"boss beauty makeup academy",0,1,0.00,27.0
"boss beauty makeup academy san antonio",0,1,0.00,20.0
"boss lady beauty academy waco",0,1,0.00,15.0
"boss nail academy san antonio reviews",0,1,0.00,2.0
"boutique license",0,1,0.00,58.0
"braid school",0,1,0.00,4.0
"bronx barber college reviews",0,1,0.00,9.0
"by the blade barbershop",0,1,0.00,8.0
"caballero barber shop",0,1,0.00,10.0
"caliber cuts grand prairie",0,1,0.00,32.0
"california hair design academy",0,1,0.00,10.0
"canas barber shop",0,1,0.00,5.0
"capelli school",0,1,0.00,6.0
"carlos barber shop",0,1,0.00,10.0
"carlos barber shop webster",0,1,0.00,9.0
"cartel cuts reviews",0,1,0.00,4.0
"cash rd barbershop",0,1,0.00,10.0
"ccc cosmetology",0,1,0.00,8.0
"cdl school el paso",0,1,0.00,1.0
"central texas barber college",0,1,0.00,10.0
"champions barber and beauty academy",0,1,0.00,8.0
"champions barber school",0,1,0.00,10.0
"charles & sue's school of hair design",0,1,0.00,9.0
"charles and sue",0,1,0.00,10.0
"charles and sue hair school",0,1,0.00,7.0
"chaz the barber",0,1,0.00,6.0
"che barber shop",0,1,0.00,9.0
"cheap cosmetology school near me",0,1,0.00,4.0
"check for me",0,1,0.00,12.0
"chi academy laredo tx",0,1,0.00,11.0
"chi cosmetology",0,1,0.00,12.0
"chicks barbershop photos",0,1,0.00,10.0
"choezen",0,1,0.00,11.0
"chop it up barbershop schertz",0,1,0.00,11.0
"chophouse barber company",0,1,0.00,14.0
"city boyz barber shop reviews",0,1,0.00,8.0
"cleo school",0,1,0.00,1.0
"cleveland barber school",0,1,0.00,1.0
"colegio comunitario",0,1,0.00,8.0
"collectiv academy dallas tx",0,1,0.00,11.0
"collectivacademy",0,1,0.00,9.0
"collective academy dallas",0,1,0.00,42.0
"college beauty school",0,1,0.00,6.0
"collin college cosmetology",0,1,0.00,14.0
"color beauty",0,1,0.00,4.0
"contucci salons and education reviews",0,1,0.00,11.0
"cortez the barber",0,1,0.00,12.0
"cortiva institute arlington tx",0,1,0.00,21.0
"cos school",0,1,0.00,9.0
"cosmetica latina",0,1,0.00,9.0
"cosmetologia",0,1,0.00,1.0
"cosmetologist",0,1,0.00,2.0
"cosmetology abilene tx",0,1,0.00,18.0
"cosmetology classes allen tx",0,1,0.00,33.0
"cosmetology establishment license",0,1,0.00,5.0
"cosmetology high school near me",0,1,0.00,31.0
"cosmetology hours in texas",0,1,0.00,44.0
"cosmetology hours texas",0,1,0.00,48.0
"cosmetology license",0,1,0.00,26.0
"cosmetology license application",0,1,0.00,8.0
"cosmetology license requirements texas",0,1,0.00,57.0
"cosmetology license texas requirements",0,1,0.00,49.0
"cosmetology odessa college",0,1,0.00,11.0
"cosmetology san angelo",0,1,0.00,21.0
"cosmetology school amarillo",0,1,0.00,16.0
"cosmetology school amarillo tx",0,1,0.00,18.0
"cosmetology school arlington, tx",0,1,0.00,21.0
"cosmetology school denton tx",0,1,0.00,25.0
"cosmetology school el paso",0,1,0.00,36.0
"cosmetology school elgin",0,1,0.00,7.0
"cosmetology school forney",0,1,0.00,17.0
"cosmetology school frisco",0,1,0.00,18.0
"cosmetology school hours",0,1,0.00,11.0
"cosmetology school houston",0,1,0.00,1.0
"cosmetology school humble tx",0,1,0.00,16.0
"cosmetology school in san antonio",0,1,0.00,24.0
"cosmetology school lakeland fl",0,1,0.00,12.0
"cosmetology school midland tx",0,1,0.00,18.0
"cosmetology school pearland",0,1,0.00,12.0
"cosmetology school programs",0,1,0.00,2.0
"cosmetology school san antonio",0,1,0.00,2.0
"cosmetology schools houston tx",0,1,0.00,30.0
"cosmetology schools in brownsville",0,1,0.00,17.0
"cosmetology schools in lubbock tx",0,1,0.00,42.0
"cosmetology schools in my area",0,1,0.00,4.0
"cosmetology schools in san antonio",0,1,0.00,29.0
"cosmetology schools in texarkana",0,1,0.00,17.0
"cosmetology state board kit list",0,1,0.00,28.0
"cosmetology tdlr",0,1,0.00,26.0
"cosmetology texas",0,1,0.00,29.0
"cosmotology allen tx",0,1,0.00,39.0
"cosmotology plano tx",0,1,0.00,21.0
"cosmotology school",0,1,0.00,1.0
"crew cutz barbershop",0,1,0.00,6.0
"cti hours",0,1,0.00,48.0
"cti school",0,1,0.00,5.0
"cultural technical institute el paso",0,1,0.00,10.0
"cultural technical institute llc cti",0,1,0.00,6.0
"curso de maquillaje profesional",0,1,0.00,1.0
"cursos de estetica",0,1,0.00,1.0
"cut & shave barber college",0,1,0.00,9.0
"cutthroat barbers - houston barbershop in the heights - men's barbershop",0,1,0.00,8.0
"d rich barbers",0,1,0.00,14.0
"dallas barber college",0,1,0.00,1.0
"dallas beauty school",0,1,0.00,1.0
"dallas beauty school services",0,1,0.00,74.0
"dallas blends",0,1,0.00,13.0
"dapper g cuts",0,1,0.00,42.0
"de payolle beauty salon & academy",0,1,0.00,53.0
"defined lines",0,1,0.00,7.0
"del mar college cosmetology",0,1,0.00,9.0
"diamond beauty school",0,1,0.00,8.0
"diamond cosmetology",0,1,0.00,19.0
"diamondbeauty",0,1,0.00,8.0
"diesel barbershop houston",0,1,0.00,18.0
"diesel barbershop west university",0,1,0.00,18.0
"division barber co",0,1,0.00,14.0
"divizion",0,1,0.00,8.0
"do i need a barber license to open a barbershop",0,1,0.00,7.0
"do you need a barber license to own a barber shop",0,1,0.00,8.0
"dynasty barber shop",0,1,0.00,1.0
"el padrino barbershop",0,1,0.00,10.0
"el paso beauty and barber academy reviews",0,1,0.00,10.0
"elite barber company",0,1,0.00,11.0
"elite school of cosmetology",0,1,0.00,6.0
"elite stylez",0,1,0.00,23.0
"elite stylez barbershop",0,1,0.00,9.0
"elite stylez hair studio",0,1,0.00,6.0
"elizabeth white leo s beauty institute",0,1,0.00,14.0
"elle beauty academy",0,1,0.00,8.0
"elohim barber",0,1,0.00,11.0
"elohim barbershop",0,1,0.00,10.0
"empire beauty school",0,1,0.00,8.0
"escuela barberia cerca de mi",0,1,0.00,1.0
"escuela de barbería cerca de mí",0,1,0.00,1.0
"escuela de belleza cerca de mi",0,1,0.00,7.0
"escuela de belleza cerca de mi en español",0,1,0.00,1.0
"escuela de cosmetologia",0,1,0.00,1.0
"escuela de vogue",0,1,0.00,7.0
"escuelas de barbería",0,1,0.00,10.0
"escuelas de cosmetología cerca de mi",0,1,0.00,7.0
"escuelas de estetica",0,1,0.00,3.0
"escuelas de esteticista cerca de mi",0,1,0.00,1.0
"essence hair salon",0,1,0.00,1.0
"establishment license application",0,1,0.00,43.0
"establishment license for salon",0,1,0.00,9.0
"esthetician license near me",0,1,0.00,7.0
"esthetician program groveton",0,1,0.00,5.0
"esthetician programs near me",0,1,0.00,10.0
"esthetician school amarillo tx",0,1,0.00,31.0
"esthetician school arlington",0,1,0.00,44.0
"esthetician school arlington tx",0,1,0.00,30.0
"esthetician school beaumont tx",0,1,0.00,83.0
"esthetician school dallas",0,1,0.00,1.0
"esthetician school fort worth",0,1,0.00,65.0
"esthetician school mckinney",0,1,0.00,10.0
"esthetician training arlington",0,1,0.00,66.0
"esthetician training el paso",0,1,0.00,51.0
"eustace barber college",0,1,0.00,12.0
"executive choice barber shop",0,1,0.00,10.0
"expert barber beauty academy",0,1,0.00,9.0
"expert barber beauty mckinney",0,1,0.00,29.0
"eyelash extension specialist course",0,1,0.00,4.0
"eyelash school",0,1,0.00,5.0
"eyes on me advanced barber college watauga reviews",0,1,0.00,2.0
"facial academy",0,1,0.00,58.0
"facial aveda institute",0,1,0.00,53.0
"facial school",0,1,0.00,5.0
"fade doctor",0,1,0.00,9.0
"fade the city barbershop",0,1,0.00,6.0
"fades on demand reviews",0,1,0.00,8.0
"flavous",0,1,0.00,17.0
"flawless cuts barbershop reviews",0,1,0.00,8.0
"for the booth renter, social security taxes are:",0,1,0.00,24.0
"fort worth texas",0,1,0.00,10.0
"franklin barber school",0,1,0.00,9.0
"franklin beauty school",0,1,0.00,12.0
"free barber school dallas",0,1,0.00,2.0
"free barber school near me",0,1,0.00,2.0
"free beauty school near me",0,1,0.00,1.0
"free world jiu jitsu",0,1,0.00,9.0
"frisco isd",0,1,0.00,4.0
"game changer barber academy",0,1,0.00,10.0
"game changers barber academy",0,1,0.00,9.0
"game changers barber academy reviews",0,1,0.00,10.0
"game changers evans",0,1,0.00,33.0
"genius barber",0,1,0.00,6.0
"gentry memorial",0,1,0.00,7.0
"georgetown beauty school",0,1,0.00,8.0
"georgia cosmetology practical exam kit list",0,1,0.00,41.0
"glamour eyes",0,1,0.00,1.0
"glance lash academy reviews",0,1,0.00,12.0
"gloria's barber college",0,1,0.00,9.0
"glow theory academy",0,1,0.00,5.0
"golden edge barber shop",0,1,0.00,10.0
"goldies barber shop",0,1,0.00,8.0
"good vibes haircut",0,1,0.00,8.0
"goodlad barber",0,1,0.00,6.0
"goodvibes barber",0,1,0.00,9.0
"gordon academy",0,1,0.00,7.0
"gorgeous academy",0,1,0.00,9.0
"graham barber",0,1,0.00,8.0
"grayscale barbershop",0,1,0.00,18.0
"greenville texas",0,1,0.00,4.0
"hair and cosmetology schools near me",0,1,0.00,30.0
"hair by paul",0,1,0.00,5.0
"hair fashion salon reviews",0,1,0.00,5.0
"hair institue",0,1,0.00,10.0
"hair school bryan tx",0,1,0.00,19.0
"hair school lakeland",0,1,0.00,11.0
"hair school lewisville",0,1,0.00,11.0
"hair schools",0,1,0.00,11.0
"hair schools in san antonio tx",0,1,0.00,30.0
"hair styling school near me",0,1,0.00,9.0
"haircut academy",0,1,0.00,10.0
"haircut domain",0,1,0.00,81.0
"haircut near me",0,1,0.00,2.0
"haircut near me open now within 5 mi",0,1,0.00,1.0
"hairdresser school near me",0,1,0.00,10.0
"hairology",0,1,0.00,5.0
"hairstyles for school",0,1,0.00,5.0
"ham barber",0,1,0.00,9.0
"ham barber studio",0,1,0.00,9.0
"hamza barber",0,1,0.00,2.0
"hands-on approach",0,1,0.00,21.0
"harrison barber shop",0,1,0.00,11.0
"harrisons barber shop",0,1,0.00,8.0
"harrisons barbershop",0,1,0.00,7.0
"hcc alief bissonnet",0,1,0.00,16.0
"hd barbershop",0,1,0.00,1.0
"headspace barbershop",0,1,0.00,11.0
"high class academy",0,1,0.00,7.0
"high schools in texas city",0,1,0.00,21.0
"highlander salon",0,1,0.00,5.0
"hollywood school of beauty",0,1,0.00,6.0
"hourani's barbershop reviews",0,1,0.00,8.0
"house of fades athens",0,1,0.00,6.0
"house of fades spring",0,1,0.00,11.0
"houston 55",0,1,0.00,25.0
"houston barber college",0,1,0.00,3.0
"houston barber school reviews",0,1,0.00,6.0
"houston makeup school",0,1,0.00,39.0
"houston training school gulfgate loan",0,1,0.00,20.0
"houston training schools houston tx",0,1,0.00,20.0
"houston training schools loan",0,1,0.00,31.0
"houston's house of blendz reviews",0,1,0.00,4.0
"houston55",0,1,0.00,3.0
"houston55 reviews",0,1,0.00,10.0
"how long is barber school",0,1,0.00,85.0
"how many cosmetology hours in texas",0,1,0.00,35.0
"how many hours does texas require for cosmetology",0,1,0.00,46.0
"how many hours for cosmetology license in texas",0,1,0.00,39.0
"how much does it cost",0,1,0.00,5.0
"how much monthly",0,1,0.00,2.0
"how often",0,1,0.00,1.0
"how to get barber license in texas",0,1,0.00,34.0
"how to get cosmetology license in texas",0,1,0.00,31.0
"i.t.s. academy of beauty",0,1,0.00,7.0
"iepb",0,1,0.00,5.0
"iheart lash academy",0,1,0.00,25.0
"image beauty school",0,1,0.00,12.0
"image institute",0,1,0.00,52.0
"image school",0,1,0.00,40.0
"in home salon requirements texas",0,1,0.00,27.0
"inner state beauty",0,1,0.00,85.0
"inspire institute of barbering and cosmetology",0,1,0.00,10.0
"inspired cutz",0,1,0.00,10.0
"institute aveda",0,1,0.00,15.0
"institute of beauty",0,1,0.00,72.0
"instituto de belleza cerca de mi",0,1,0.00,1.0
"international institute of aesthetic arts and beauty",0,1,0.00,7.0
"interstate barber school",0,1,0.00,10.0
"invictus institute of barbering",0,1,0.00,23.0
"its academy of beauty fort worth",0,1,0.00,6.0
"ivy beauty",0,1,0.00,6.0
"j's barber college",0,1,0.00,4.0
"jamas beauty and barber college",0,1,0.00,7.0
"jasmine beauty school san diego",0,1,0.00,7.0
"jean percy school of barbering",0,1,0.00,10.0
"jimbo barber shop",0,1,0.00,9.0
"john dubiski career high school",0,1,0.00,21.0
"k cutz barbershop",0,1,0.00,6.0
"kalon beauty",0,1,0.00,1.0
"kings barber school",0,1,0.00,4.0
"kings kuts",0,1,0.00,3.0
"klassic kutz & salons",0,1,0.00,6.0
"klutch barber shop",0,1,0.00,9.0
"klutch barbershop",0,1,0.00,8.0
"koil beauty institute",0,1,0.00,24.0
"kustom kuts",0,1,0.00,11.0
"l institute",0,1,0.00,8.0
"l makeup institute dallas",0,1,0.00,45.0
"l makeup institute reviews",0,1,0.00,20.0
"l makeup institute texas",0,1,0.00,21.0
"l&l beauty salon",0,1,0.00,7.0
"la vida aesthetics institute",0,1,0.00,7.0
"lailas",0,1,0.00,8.0
"lailas studio",0,1,0.00,10.0
"lakeland beauty school",0,1,0.00,11.0
"lala blush llc",0,1,0.00,6.0
"lamar cosmetology school",0,1,0.00,10.0
"laser hair removal school san antonio",0,1,0.00,50.0
"lash academy",0,1,0.00,6.0
"lash habit",0,1,0.00,20.0
"lash rx dallas",0,1,0.00,16.0
"lash tech school near me",0,1,0.00,10.0
"lashing out ink",0,1,0.00,7.0
"layla's beauty",0,1,0.00,9.0
"lcc cosmetology",0,1,0.00,10.0
"lettys college",0,1,0.00,7.0
"lewisville beauty school",0,1,0.00,36.0
"licencia de manicurista en texas",0,1,0.00,53.0
"lone star college cosmetology",0,1,0.00,12.0
"lopez barber shop",0,1,0.00,5.0
"lubbock barber college",0,1,0.00,22.0
"made man barber",0,1,0.00,1.0
"mademan barbershop",0,1,0.00,1.0
"mademen galleria",0,1,0.00,1.0
"madison barber",0,1,0.00,8.0
"madison barber school",0,1,0.00,11.0
"magic barbershop",0,1,0.00,7.0
"magic hands barber shop",0,1,0.00,9.0
"makeup hours",0,1,0.00,70.0
"makeup school dallas",0,1,0.00,90.0
"makeup school henderson",0,1,0.00,7.0
"makeup school keller",0,1,0.00,7.0
"makeup school plano",0,1,0.00,18.0
"malon dominican barber",0,1,0.00,6.0
"man cave cutz barbershop",0,1,0.00,8.0
"manicuring licensure",0,1,0.00,65.0
"manicurist school amarillo tx",0,1,0.00,18.0
"mankind barber",0,1,0.00,13.0
"mankind barbers reviews",0,1,0.00,4.0
"mankind barbershop",0,1,0.00,9.0
"maroon summer nails",0,1,0.00,6.0
"massage establishment license texas",0,1,0.00,37.0
"master academy barber school",0,1,0.00,9.0
"masterdallas",0,1,0.00,8.0
"mcc beauty school",0,1,0.00,11.0
"mei barber",0,1,0.00,9.0
"melluzi academy austin",0,1,0.00,19.0
"mens hair cut near me",0,1,0.00,1.0
"meraki esthetics institute",0,1,0.00,54.0
"mesa barber school",0,1,0.00,6.0
"michael saldana",0,1,0.00,19.0
"michael saldana salon",0,1,0.00,29.0
"microblading in sugar land",0,1,0.00,46.0
"midland cosmetology school",0,1,0.00,11.0
"milan barber school",0,1,0.00,8.0
"milan beauty school",0,1,0.00,8.0
"milan cosmetology school",0,1,0.00,11.0
"milan cosmetology school san antonio",0,1,0.00,11.0
"milan george dieter",0,1,0.00,8.0
"milan houston",0,1,0.00,19.0
"milan institure",0,1,0.00,7.0
"milan institute - houston",0,1,0.00,8.0
"milan institute - houston photos",0,1,0.00,18.0
"milan institute el paso",0,1,0.00,19.0
"milan institute el paso tx",0,1,0.00,15.0
"milan institute of cosmetology",0,1,0.00,17.0
"milan school of beauty",0,1,0.00,10.0
"milan south",0,1,0.00,10.0
"mini establishment license tdlr",0,1,0.00,11.0
"mini salon license",0,1,0.00,30.0
"mini salon license texas",0,1,0.00,30.0
"mini salon license texas online application",0,1,0.00,14.0
"mireyas salon",0,1,0.00,6.0
"mission barber college",0,1,0.00,8.0
"missouri city",0,1,0.00,8.0
"mj academy",0,1,0.00,1.0
"mo city beauty college",0,1,0.00,7.0
"mobile barber near me",0,1,0.00,1.0
"modern academy",0,1,0.00,64.0
"modern barber & beauty institute",0,1,0.00,21.0
"modern image barber",0,1,0.00,50.0
"modern image institute barber & stylist",0,1,0.00,22.0
"moebettercuts",0,1,0.00,9.0
"montgomery beauty school",0,1,0.00,11.0
"most high barber college san antonio reviews",0,1,0.00,5.0
"mulan school",0,1,0.00,12.0
"mustache cut barber shop",0,1,0.00,10.0
"mystros",0,1,0.00,11.0
"mystros barber academy",0,1,0.00,1.0
"nail academy",0,1,0.00,1.0
"nail classes near me",0,1,0.00,12.0
"nail course",0,1,0.00,1.0
"nail courses near me",0,1,0.00,6.0
"nail programs near me",0,1,0.00,1.0
"nail salon donna tx",0,1,0.00,1.0
"nail schools",0,1,0.00,1.0
"nail supply store near me",0,1,0.00,21.0
"nail tech programs near me",0,1,0.00,1.0
"nail tech school corpus christi",0,1,0.00,16.0
"nail tech school houston",0,1,0.00,5.0
"nail tech training near me",0,1,0.00,1.0
"nail technician school",0,1,0.00,1.0
"nail technology school near me",0,1,0.00,1.0
"natural beauty academy",0,1,0.00,84.0
"navarro college cosmetology",0,1,0.00,13.0
"navarro cosmetology",0,1,0.00,6.0
"new braunfels beauty school",0,1,0.00,11.0
"next generation barber school",0,1,0.00,8.0
"next up barber",0,1,0.00,11.0
"ngs academy",0,1,0.00,5.0
"night classes",0,1,0.00,2.0
"nu era barbershop",0,1,0.00,10.0
"nu generation academy",0,1,0.00,8.0
"odessa college cosmetology",0,1,0.00,8.0
"og barber school",0,1,0.00,10.0
"ogle beauty school denton",0,1,0.00,20.0
"ogle beauty school willowbrook",0,1,0.00,10.0
"ogle cosmetology school",0,1,0.00,12.0
"ogle denton tx",0,1,0.00,16.0
"ogle hair prices",0,1,0.00,24.0
"ogle hair salon",0,1,0.00,22.0
"ogle hurst",0,1,0.00,24.0
"ogle school",0,1,0.00,15.0
"ogle school - beauty and cosmetology (central dallas) photos",0,1,0.00,11.0
"ogle school - beauty and cosmetology (san antonio) photos",0,1,0.00,9.0
"ogle school denton",0,1,0.00,16.0
"ogle school of cosmetology",0,1,0.00,9.0
"ogle school of hair skin and nails",0,1,0.00,18.0
"ogle school preston",0,1,0.00,11.0
"ogle school san antonio reviews",0,1,0.00,17.0
"ogle school stafford photos",0,1,0.00,11.0
"olga beauty school fort worth",0,1,0.00,9.0
"olge beauty school",0,1,0.00,10.0
"olynx academy",0,1,0.00,2.0
"one for all barbershop & shave parlor houston",0,1,0.00,10.0
"oneal barber shop",0,1,0.00,5.0
"onyx donna tx",0,1,0.00,1.0
"onyx salon",0,1,0.00,1.0
"palm mitchell",0,1,0.00,12.0
"papito blessed hands",0,1,0.00,6.0
"paul mitchell austin",0,1,0.00,19.0
"paul mitchell carrollton",0,1,0.00,20.0
"paul mitchell night school hours",0,1,0.00,12.0
"paul mitchell salon san antonio",0,1,0.00,28.0
"paul mitchell school houston",0,1,0.00,8.0
"paul mitchell the school",0,1,0.00,18.0
"paul mitchell the school houston",0,1,0.00,8.0
"paul mitchell webster tx",0,1,0.00,11.0
"paul.mitchell school",0,1,0.00,8.0
"pearland beauty school",0,1,0.00,15.0
"pearland's innovative school of beauty of silverlake reviews",0,1,0.00,8.0
"perm for kids near me",0,1,0.00,2.0
"pipo academy of hair design",0,1,0.00,11.0
"plano beauty school",0,1,0.00,26.0
"pochis barber shop",0,1,0.00,4.0
"practitioner and establishment license have a term of:",0,1,0.00,11.0
"precious beauty",0,1,0.00,16.0
"premier barber academy",0,1,0.00,13.0
"premier barber college",0,1,0.00,10.0
"prestige barber college",0,1,0.00,7.0
"prestige barber college midland tx",0,1,0.00,6.0
"prestigious cutz",0,1,0.00,12.0
"prime time technical institute",0,1,0.00,6.0
"private institute",0,1,0.00,28.0
"process institute of cosmetology",0,1,0.00,27.0
"professional barber academy",0,1,0.00,12.0
"professional cosmetology",0,1,0.00,8.0
"professional hair salon barber shop حلاق عربي هيوستن تكساس",0,1,0.00,12.0
"professional hair salon westheimer",0,1,0.00,1.0
"progress beauty",0,1,0.00,8.0
"proskin academy",0,1,0.00,49.0
"psi exams texas",0,1,0.00,34.0
"psi tdlr login",0,1,0.00,11.0
"psi texas cosmetology practical exam",0,1,0.00,19.0
"psja ballew",0,1,0.00,8.0
"r&e cosmetology school",0,1,0.00,9.0
"radiant academy school",0,1,0.00,12.0
"randalls barber shop houston",0,1,0.00,10.0
"randle's barbershop",0,1,0.00,10.0
"ranger college cosmetology stephenville tx",0,1,0.00,12.0
"rcc cosmetology school",0,1,0.00,67.0
"regency cosmetology school",0,1,0.00,17.0
"renew esthetician license texas",0,1,0.00,48.0
"renew manicurist license texas",0,1,0.00,44.0
"richersons master barber academy",0,1,0.00,10.0
"riverside beauty school",0,1,0.00,9.0
"rmbarber",0,1,0.00,2.0
"ro's barbershop",0,1,0.00,11.0
"romero beauty academy llc",0,1,0.00,7.0
"round rock beauty school",0,1,0.00,14.0
"royal lash academy",0,1,0.00,1.0
"rush hour fades",0,1,0.00,13.0
"sadie cook academy of beauty and business",0,1,0.00,9.0
"salon academy georgetown",0,1,0.00,10.0
"salon and spa southern careers",0,1,0.00,8.0
"salon boutique academy addison tx",0,1,0.00,8.0
"salon boutique addison",0,1,0.00,18.0
"salon establishment license",0,1,0.00,42.0
"salon licence",0,1,0.00,71.0
"salon professional academy lewisville",0,1,0.00,9.0
"salon service group dallas",0,1,0.00,49.0
"salon spa institute",0,1,0.00,17.0
"san antonio hair school",0,1,0.00,24.0
"san jacinto college north reviews",0,1,0.00,6.0
"sarath's barbershop",0,1,0.00,8.0
"sarath's barbershop houston reviews",0,1,0.00,11.0
"school nails",0,1,0.00,2.0
"schoolstyle",0,1,0.00,3.0
"services offered by ogle school - beauty and cosmetology (houston/stafford)",0,1,0.00,11.0
"services offered by ogle school san antonio",0,1,0.00,32.0
"services offered by the hair mayor beauty college",0,1,0.00,9.0
"services offered by the institute of beauty and wellness",0,1,0.00,98.0
"sharkey's sugar land",0,1,0.00,9.0
"sharkeys cuts for kids sugar land sugar land tx",0,1,0.00,12.0
"sinan barber",0,1,0.00,8.0
"skin & makeup institute",0,1,0.00,45.0
"skyline cosmetology",0,1,0.00,10.0
"sloan beauty",0,1,0.00,1.0
"sloan servicing",0,1,0.00,5.0
"sly huncho barber shop",0,1,0.00,1.0
"smokin mirrors barbershop",0,1,0.00,10.0
"smoking mirrors barbershop",0,1,0.00,10.0
"smokin’ mirrors barbershop",0,1,0.00,11.0
"south post oak barber college",0,1,0.00,9.0
"south texas barber college",0,1,0.00,12.0
"south texas vo tech san antonio",0,1,0.00,12.0
"southern careers institute salon",0,1,0.00,8.0
"southside barbershop",0,1,0.00,8.0
"spa tech sesd",0,1,0.00,99.0
"steele shears",0,1,0.00,11.0
"strand institute",0,1,0.00,7.0
"street cut",0,1,0.00,6.0
"student hours tdlr",0,1,0.00,24.0
"studio 21",0,1,0.00,8.0
"super exclusive barber shop",0,1,0.00,11.0
"super exclusive barber shop 2",0,1,0.00,8.0
"supreme cuts",0,1,0.00,7.0
"svega tkd",0,1,0.00,8.0
"tdlr barber license",0,1,0.00,29.0
"tdlr book",0,1,0.00,17.0
"tdlr business license",0,1,0.00,5.0
"tdlr cosmetology practical exam kit",0,1,0.00,19.0
"tdlr cosmetology test",0,1,0.00,21.0
"tdlr dbproduction2 cosmetology establishment csv",0,1,0.00,7.0
"tdlr hours student",0,1,0.00,19.0
"tdlr psi",0,1,0.00,38.0
"tdlr written exam",0,1,0.00,20.0
"temple hair school",0,1,0.00,12.0
"texarkana cosmetology",0,1,0.00,11.0
"texas aesthetician license",0,1,0.00,58.0
"texas barber and beauty academy",0,1,0.00,100.0
"texas barber and cosmetology license",0,1,0.00,29.0
"texas barber continuing education",0,1,0.00,47.0
"texas barber practical exam kit",0,1,0.00,7.0
"texas barber vs cosmetology rules",0,1,0.00,44.0
"texas barbering and cosmetology",0,1,0.00,8.0
"texas barbering and cosmetology license",0,1,0.00,28.0
"texas board of barbering and cosmetology",0,1,0.00,7.0
"texas college of cosmetology san angelo",0,1,0.00,9.0
"texas cosmetology board",0,1,0.00,33.0
"texas cosmetology commission",0,1,0.00,44.0
"texas cosmetology license renewal fee",0,1,0.00,43.0
"texas cosmetology renewal",0,1,0.00,45.0
"texas cosmetology requirements",0,1,0.00,39.0
"texas cosmetology salon license",0,1,0.00,23.0
"texas cosmetology san angelo",0,1,0.00,15.0
"texas cosmetology school",0,1,0.00,50.0
"texas esthetician continuing education",0,1,0.00,65.0
"texas esthetician license required hours 750",0,1,0.00,58.0
"texas esthetician license requirements",0,1,0.00,56.0
"texas mini salon license",0,1,0.00,29.0
"texas school of cosmetology san angelo",0,1,0.00,9.0
"the advanced academy reviews",0,1,0.00,19.0
"the aveda institute",0,1,0.00,36.0
"the boss haircut",0,1,0.00,10.0
"the boss haircut reviews",0,1,0.00,10.0
"the cavern barbershop",0,1,0.00,11.0
"the facial and wellness society",0,1,0.00,11.0
"the glam room llc",0,1,0.00,6.0
"the hair mayor",0,1,0.00,11.0
"the institute of beauty konnections",0,1,0.00,73.0
"the ivy institute of esthetics",0,1,0.00,75.0
"the lbl beauty academy reviews",0,1,0.00,11.0
"the men barber school round rock",0,1,0.00,4.0
"the mobile barber",0,1,0.00,1.0
"the salon professional academy lewisville loan",0,1,0.00,20.0
"the salon professional academy lewisville loans",0,1,0.00,24.0
"the skincare academy",0,1,0.00,68.0
"the texas lash institute",0,1,0.00,6.0
"tint hair school",0,1,0.00,11.0
"tint school of makeup & cosmetology photos",0,1,0.00,10.0
"toni & guy plano",0,1,0.00,16.0
"toni and guy academy plano",0,1,0.00,28.0
"tonsore master academy",0,1,0.00,12.0
"tonsorial arts",0,1,0.00,8.0
"top of the line barber",0,1,0.00,8.0
"trend barber college houston",0,1,0.00,37.0
"trendsetters international",0,1,0.00,21.0
"tres hermanas beauty salon",0,1,0.00,4.0
"tri state cosmetology institute reviews",0,1,0.00,12.0
"tri-state cosmetology institute",0,1,0.00,18.0
"trim setters",0,1,0.00,1.0
"tristate cosmetology school",0,1,0.00,9.0
"trooth",0,1,0.00,12.0
"tru luxe hair",0,1,0.00,8.0
"trucco beauty",0,1,0.00,10.0
"trucco beauty institute reviews",0,1,0.00,6.0
"true blade barber",0,1,0.00,8.0
"true lux barber co.",0,1,0.00,13.0
"truelux",0,1,0.00,1.0
"tx operator practical english",0,1,0.00,11.0
"ty the barber",0,1,0.00,1.0
"ucas harlingen tx",0,1,0.00,15.0
"ucas la joya",0,1,0.00,20.0
"ucas mcallen",0,1,0.00,23.0
"unas",0,1,0.00,7.0
"united beauty college reviews",0,1,0.00,12.0
"urban barber college modesto",0,1,0.00,8.0
"uri seguin",0,1,0.00,24.0
"v tran beauty academy",0,1,0.00,48.0
"v's barbershop energy corridor",0,1,0.00,8.0
"victoria academy",0,1,0.00,7.0
"victoria center",0,1,0.00,1.0
"victoria cosmetology academy",0,1,0.00,11.0
"victoria's academy of cosmetology",0,1,0.00,8.0
"vip barber school",0,1,0.00,13.0
"vip kings barbershop",0,1,0.00,41.0
"vogue college lubbock",0,1,0.00,12.0
"vogue college of fashion",0,1,0.00,2.0
"vogue college san antonio",0,1,0.00,8.0
"vogue mcallen tx",0,1,0.00,14.0
"vogue school of cosmetology",0,1,0.00,12.0
"waco beauty school",0,1,0.00,13.0
"wade gordon amarillo",0,1,0.00,9.0
"wade gordon amarillo tx",0,1,0.00,14.0
"wade gordon hair academy",0,1,0.00,16.0
"weatherford college cosmetology",0,1,0.00,11.0
"what about a barber",0,1,0.00,3.0
"what is the renewal fee for a specialty salon?",0,1,0.00,74.0
"where in an establishment must the tdlr laws & rules book be kept?",0,1,0.00,12.0
"where is aveda institute",0,1,0.00,49.0
"william edge new braunfels tx",0,1,0.00,20.0
"wink studios lash academy",0,1,0.00,5.0
"wow barbershop",0,1,0.00,10.0
"wow lash and brow academy",0,1,0.00,7.0
"xclusiv makeup beauty academy",0,1,0.00,3.0
"yes and pricing",0,1,0.00,3.0
"zms the academy reviews",0,1,0.00,9.0
"zrj",0,1,0.00,77.0
"유미뷰티스쿨",0,1,0.00,11.0